split,image,class_id,class_name,probability,component_rank,heatmap_threshold,bbox_xywh,yolo_bbox,yolo_x_center,yolo_y_center,yolo_width,yolo_height,x,y,width,height,area,centroid_x,centroid_y
train,CXR015_001.jpg,0,infiltrat,0.894214,1,0.5000,"35,43,67,95",0 0.305804 0.404018 0.299107 0.424107,0.305804,0.404018,0.299107,0.424107,35,43,67,95,4956,67.8238,93.0771
train,CXR018_001.jpg,0,infiltrat,0.778308,1,0.5000,"42,54,49,76",0 0.296875 0.410714 0.218750 0.339286,0.296875,0.410714,0.218750,0.339286,42,54,49,76,2143,62.3262,87.2403
train,CXR018_001.jpg,0,infiltrat,0.778308,2,0.5000,"88,98,10,18",0 0.415179 0.477679 0.044643 0.080357,0.415179,0.477679,0.044643,0.080357,88,98,10,18,128,92.0625,105.6094
train,CXR018_002.jpg,0,infiltrat,0.626057,1,0.5000,"35,45,57,78",0 0.283482 0.375000 0.254464 0.348214,0.283482,0.375000,0.254464,0.348214,35,45,57,78,2796,62.8963,86.73
train,CXR018_003.jpg,0,infiltrat,0.523680,1,0.5000,"31,61,34,69",0 0.214286 0.426339 0.151786 0.308036,0.214286,0.426339,0.151786,0.308036,31,61,34,69,973,43.8417,100.369
train,CXR019_001.jpg,0,infiltrat,0.723241,1,0.5000,"38,25,74,98",0 0.334821 0.330357 0.330357 0.437500,0.334821,0.330357,0.330357,0.437500,38,25,74,98,5103,76.7985,72.076
train,CXR019_002.jpg,0,infiltrat,0.566283,1,0.5000,"21,34,70,82",0 0.250000 0.334821 0.312500 0.366071,0.250000,0.334821,0.312500,0.366071,21,34,70,82,4497,57.0187,75.012
train,CXR019_003.jpg,0,infiltrat,0.562083,1,0.5000,"33,18,69,84",0 0.301339 0.267857 0.308036 0.375000,0.301339,0.267857,0.308036,0.375000,33,18,69,84,3926,67.0232,60.8321
train,CXR019_003.jpg,2,efusi pleura,0.543828,1,0.5000,"18,114,63,51",2 0.220982 0.622768 0.281250 0.227679,0.220982,0.622768,0.281250,0.227679,18,114,63,51,1568,40.7953,133.456
train,CXR052_001.jpg,0,infiltrat,0.561069,1,0.5000,"40,96,52,36",0 0.294643 0.508929 0.232143 0.160714,0.294643,0.508929,0.232143,0.160714,40,96,52,36,1223,62.933,111.8626
train,CXR052_001.jpg,1,pneumothorax,0.512545,1,0.5000,"41,51,57,85",1 0.310268 0.417411 0.254464 0.379464,0.310268,0.417411,0.254464,0.379464,41,51,57,85,3037,68.0935,89.4419
train,CXR003_002.jpg,0,infiltrat,0.678064,1,0.5000,"144,38,45,95",0 0.743304 0.381696 0.200893 0.424107,0.743304,0.381696,0.200893,0.424107,144,38,45,95,2404,172.146,79.2779
train,CXR003_003.jpg,0,infiltrat,0.635210,1,0.5000,"151,63,45,77",0 0.774554 0.453125 0.200893 0.343750,0.774554,0.453125,0.200893,0.343750,151,63,45,77,1745,179.3748,93.5129
train,CXR005_002.jpg,1,pneumothorax,0.600632,1,0.5000,"37,47,72,76",1 0.325893 0.379464 0.321429 0.339286,0.325893,0.379464,0.321429,0.339286,37,47,72,76,3990,69.0175,82.7937
train,CXR005_002.jpg,2,efusi pleura,0.924682,1,0.5000,"35,69,67,54",2 0.305804 0.428571 0.299107 0.241071,0.305804,0.428571,0.299107,0.241071,35,69,67,54,2820,66.3113,93.056
train,CXR005_002.jpg,3,atelektasis,0.587774,1,0.5000,"37,72,64,51",3 0.308036 0.435268 0.285714 0.227679,0.308036,0.435268,0.285714,0.227679,37,72,64,51,2110,68.1839,97.8218
train,CXR005_003.jpg,0,infiltrat,0.598805,1,0.5000,"38,81,58,52",0 0.299107 0.477679 0.258929 0.232143,0.299107,0.477679,0.258929,0.232143,38,81,58,52,2140,66.8065,108.6402
train,CXR005_003.jpg,1,pneumothorax,0.610161,1,0.5000,"38,59,71,74",1 0.328125 0.428571 0.316964 0.330357,0.328125,0.428571,0.316964,0.330357,38,59,71,74,4062,69.1632,93.5465
train,CXR005_003.jpg,2,efusi pleura,0.946341,1,0.5000,"38,80,67,53",2 0.319196 0.475446 0.299107 0.236607,0.319196,0.475446,0.299107,0.236607,38,80,67,53,2747,68.6804,104.3327
train,CXR005_003.jpg,3,atelektasis,0.668674,1,0.5000,"38,71,64,62",3 0.312500 0.455357 0.285714 0.276786,0.312500,0.455357,0.285714,0.276786,38,71,64,62,3072,66.4059,101.3584
train,CXR009_001.jpg,2,efusi pleura,0.885428,1,0.5000,"35,60,74,45",2 0.321429 0.368304 0.330357 0.200893,0.321429,0.368304,0.330357,0.200893,35,60,74,45,2346,70.0887,79.7502
train,CXR009_002.jpg,1,pneumothorax,0.723049,1,0.5000,"144,45,48,109",1 0.750000 0.444196 0.214286 0.486607,0.750000,0.444196,0.214286,0.486607,144,45,48,109,2783,167.8847,93.3676
train,CXR009_002.jpg,1,pneumothorax,0.723049,2,0.5000,"51,97,46,37",1 0.330357 0.515625 0.205357 0.165179,0.330357,0.515625,0.205357,0.165179,51,97,46,37,817,74.8311,119.3403
train,CXR010_001.jpg,0,infiltrat,0.613108,1,0.5000,"160,35,40,59",0 0.803571 0.287946 0.178571 0.263393,0.803571,0.287946,0.178571,0.263393,160,35,40,59,1564,179.9341,62.5908
train,CXR010_001.jpg,1,pneumothorax,0.819612,1,0.5000,"147,51,53,43",1 0.774554 0.323661 0.236607 0.191964,0.774554,0.323661,0.236607,0.191964,147,51,53,43,1342,176.7727,67.7899
train,CXR010_001.jpg,3,atelektasis,0.524628,1,0.5000,"150,37,50,57",3 0.781250 0.292411 0.223214 0.254464,0.781250,0.292411,0.223214,0.254464,150,37,50,57,1790,176.9587,62.1313
train,CXR010_002.jpg,0,infiltrat,0.521086,1,0.5000,"168,66,25,78",0 0.805804 0.468750 0.111607 0.348214,0.805804,0.468750,0.111607,0.348214,168,66,25,78,1002,180.6537,107.4122
train,CXR010_002.jpg,1,pneumothorax,0.887137,1,0.5000,"140,68,53,76",1 0.743304 0.473214 0.236607 0.339286,0.743304,0.473214,0.236607,0.339286,140,68,53,76,1778,173.1429,97.2042
train,CXR010_002.jpg,3,atelektasis,0.591477,1,0.5000,"133,60,58,84",3 0.723214 0.455357 0.258929 0.375000,0.723214,0.455357,0.258929,0.375000,133,60,58,84,2152,170.7941,91.2621
train,CXR010_002.jpg,3,atelektasis,0.591477,2,0.5000,"92,99,10,38",3 0.433036 0.526786 0.044643 0.169643,0.433036,0.526786,0.044643,0.169643,92,99,10,38,164,95.5122,116.3354
train,CXR010_003.jpg,1,pneumothorax,0.716278,1,0.5000,"150,54,50,79",1 0.781250 0.417411 0.223214 0.352679,0.781250,0.417411,0.223214,0.352679,150,54,50,79,1861,183.151,85.1171
train,CXR010_003.jpg,3,atelektasis,0.588218,1,0.5000,"148,44,52,82",3 0.776786 0.379464 0.232143 0.366071,0.776786,0.379464,0.232143,0.366071,148,44,52,82,2076,182.0058,78.6643
train,CXR013_001.jpg,0,infiltrat,0.598707,1,0.5000,"28,59,63,91",0 0.265625 0.466518 0.281250 0.406250,0.265625,0.466518,0.281250,0.406250,28,59,63,91,3369,57.5417,99.0062
train,CXR013_002.jpg,0,infiltrat,0.787289,1,0.5000,"31,58,71,90",0 0.296875 0.459821 0.316964 0.401786,0.296875,0.459821,0.316964,0.401786,31,58,71,90,3631,62.1548,93.2895
train,CXR017_002.jpg,0,infiltrat,0.704611,1,0.5000,"18,50,86,97",0 0.272321 0.439732 0.383929 0.433036,0.272321,0.439732,0.383929,0.433036,18,50,86,97,6058,63.3795,98.013
train,CXR017_002.jpg,2,efusi pleura,0.828765,1,0.5000,"18,95,84,52",2 0.267857 0.540179 0.375000 0.232143,0.267857,0.540179,0.375000,0.232143,18,95,84,52,2951,62.5866,119.3151
train,CXR017_003.jpg,0,infiltrat,0.744586,1,0.5000,"126,25,63,96",0 0.703125 0.325893 0.281250 0.428571,0.703125,0.325893,0.281250,0.428571,126,25,63,96,2791,161.6241,65.7782
train,CXR017_003.jpg,0,infiltrat,0.744586,2,0.5000,"92,45,13,64",0 0.439732 0.343750 0.058036 0.285714,0.439732,0.343750,0.058036,0.285714,92,45,13,64,349,98.2636,76.4413
train,CXR017_003.jpg,1,pneumothorax,0.516536,1,0.5000,"50,58,55,51",1 0.345982 0.372768 0.245536 0.227679,0.345982,0.372768,0.245536,0.227679,50,58,55,51,1903,80.3431,81.9475
train,CXR017_003.jpg,1,pneumothorax,0.516536,2,0.5000,"151,71,37,55",1 0.756696 0.439732 0.165179 0.245536,0.756696,0.439732,0.165179,0.245536,151,71,37,55,790,170.7924,97.5633
train,CXR017_003.jpg,2,efusi pleura,0.623111,1,0.5000,"42,61,63,51",2 0.328125 0.386161 0.281250 0.227679,0.328125,0.386161,0.281250,0.227679,42,61,63,51,2451,71.9531,86.3835
train,CXR029_001.jpg,2,efusi pleura,0.939424,1,0.5000,"126,41,56,40",2 0.687500 0.272321 0.250000 0.178571,0.687500,0.272321,0.250000,0.178571,126,41,56,40,1446,158.1888,58.2946
train,CXR029_001.jpg,2,efusi pleura,0.939424,2,0.5000,"39,100,42,53",2 0.267857 0.564732 0.187500 0.236607,0.267857,0.564732,0.187500,0.236607,39,100,42,53,1093,63.14,128.5764
train,CXR029_002.jpg,2,efusi pleura,0.918668,1,0.5000,"152,93,58,54",2 0.808036 0.535714 0.258929 0.241071,0.808036,0.535714,0.258929,0.241071,152,93,58,54,1772,185.8866,115.5079
train,CXR029_002.jpg,2,efusi pleura,0.918668,2,0.5000,"51,110,44,34",2 0.325893 0.566964 0.196429 0.151786,0.325893,0.566964,0.196429,0.151786,51,110,44,34,578,78.737,125.0865
train,CXR029_003.jpg,2,efusi pleura,0.739594,1,0.5000,"31,111,64,50",2 0.281250 0.607143 0.285714 0.223214,0.281250,0.607143,0.285714,0.223214,31,111,64,50,1872,63.7457,134.6325
train,CXR029_003.jpg,2,efusi pleura,0.739594,2,0.5000,"166,126,48,45",2 0.848214 0.662946 0.214286 0.200893,0.848214,0.662946,0.214286,0.200893,166,126,48,45,1520,192.6263,145.0586
train,CXR044_001.jpg,0,infiltrat,0.567021,1,0.5000,"38,59,53,60",0 0.287946 0.397321 0.236607 0.267857,0.287946,0.397321,0.236607,0.267857,38,59,53,60,1788,60.6739,93.0968
train,CXR044_001.jpg,1,pneumothorax,0.576518,1,0.5000,"38,42,67,77",1 0.319196 0.359375 0.299107 0.343750,0.319196,0.359375,0.299107,0.343750,38,42,67,77,3233,69.7572,80.2775
train,CXR044_001.jpg,2,efusi pleura,0.799088,1,0.5000,"38,76,60,43",2 0.303571 0.435268 0.267857 0.191964,0.303571,0.435268,0.267857,0.191964,38,76,60,43,1620,64.742,96.3673
train,CXR044_001.jpg,3,atelektasis,0.698041,1,0.5000,"38,66,60,53",3 0.303571 0.412946 0.267857 0.236607,0.303571,0.412946,0.267857,0.236607,38,66,60,53,2310,65.6078,89.5511
train,CXR044_002.jpg,3,atelektasis,0.591394,1,0.5000,"28,44,63,63",3 0.265625 0.337054 0.281250 0.281250,0.265625,0.337054,0.281250,0.281250,28,44,63,63,2217,55.7682,77.106
train,CXR001_001.jpg,0,infiltrat,0.926296,1,0.5000,"132,49,57,97",0 0.716518 0.435268 0.254464 0.433036,0.716518,0.435268,0.254464,0.433036,132,49,57,97,2597,164.0042,89.2049
train,CXR001_002.jpg,0,infiltrat,0.834127,1,0.5000,"140,21,53,88",0 0.743304 0.290179 0.236607 0.392857,0.743304,0.290179,0.236607,0.392857,140,21,53,88,2036,170.7913,56.9931
train,CXR001_002.jpg,2,efusi pleura,0.516621,1,0.5000,"87,63,20,46",2 0.433036 0.383929 0.089286 0.205357,0.433036,0.383929,0.089286,0.205357,87,63,20,46,489,95.2536,85.7832
train,CXR001_002.jpg,2,efusi pleura,0.516621,2,0.5000,"168,73,14,28",2 0.781250 0.388393 0.062500 0.125000,0.781250,0.388393,0.062500,0.125000,168,73,14,28,168,176.3512,85.3393
train,CXR001_002.jpg,3,atelektasis,0.510783,1,0.5000,"165,65,28,44",3 0.799107 0.388393 0.125000 0.196429,0.799107,0.388393,0.125000,0.196429,165,65,28,44,662,181.0015,82.6329
train,CXR001_003.jpg,1,pneumothorax,0.519602,1,0.5000,"130,42,45,67",1 0.680804 0.337054 0.200893 0.299107,0.680804,0.337054,0.200893,0.299107,130,42,45,67,1318,155.7982,66.9173
train,CXR001_003.jpg,2,efusi pleura,0.645758,1,0.5000,"68,86,20,37",2 0.348214 0.466518 0.089286 0.165179,0.348214,0.466518,0.089286,0.165179,68,86,20,37,430,78.4326,107.3
train,CXR001_003.jpg,3,atelektasis,0.696252,1,0.5000,"130,35,45,74",3 0.680804 0.321429 0.200893 0.330357,0.680804,0.321429,0.200893,0.330357,130,35,45,74,1490,154.6349,63.7765
train,CXR001_004.jpg,2,efusi pleura,0.638204,1,0.5000,"89,80,13,39",2 0.426339 0.444196 0.058036 0.174107,0.426339,0.444196,0.058036,0.174107,89,80,13,39,248,94.0645,103.5242
train,CXR001_004.jpg,2,efusi pleura,0.638204,2,0.5000,"175,92,13,20",2 0.810268 0.455357 0.058036 0.089286,0.810268,0.455357,0.058036,0.089286,175,92,13,20,124,181.2823,100.8952
train,CXR001_004.jpg,3,atelektasis,0.720671,1,0.5000,"140,29,49,83",3 0.734375 0.314732 0.218750 0.370536,0.734375,0.314732,0.218750,0.370536,140,29,49,83,1585,166.4909,62.8164
train,CXR001_004.jpg,3,atelektasis,0.720671,2,0.5000,"99,45,6,14",3 0.455357 0.232143 0.026786 0.062500,0.455357,0.232143,0.026786,0.062500,99,45,6,14,29,100.6897,51.4828
train,CXR002_001.jpg,1,pneumothorax,0.632738,1,0.5000,"35,69,60,92",1 0.290179 0.513393 0.267857 0.410714,0.290179,0.513393,0.267857,0.410714,35,69,60,92,3117,57.2429,113.6044
train,CXR002_002.jpg,1,pneumothorax,0.474394,1,0.5000,"25,64,59,80",1 0.243304 0.464286 0.263393 0.357143,0.243304,0.464286,0.263393,0.357143,25,64,59,80,2574,47.089,101.7436
train,CXR002_003.jpg,1,pneumothorax,0.756431,1,0.5000,"31,62,60,92",1 0.272321 0.482143 0.267857 0.410714,0.272321,0.482143,0.267857,0.410714,31,62,60,92,3453,57.0822,104.15
train,CXR003_001.jpg,0,infiltrat,0.888042,1,0.5000,"142,56,51,91",0 0.747768 0.453125 0.227679 0.406250,0.747768,0.453125,0.227679,0.406250,142,56,51,91,2673,172.5903,93.144
train,CXR003_001.jpg,2,efusi pleura,0.546655,1,0.5000,"158,101,31,46",2 0.774554 0.553571 0.138393 0.205357,0.774554,0.553571,0.138393,0.205357,158,101,31,46,609,175.5074,125.1166
train,CXR004_001.jpg,0,infiltrat,0.834024,1,0.5000,"131,28,69,93",0 0.738839 0.332589 0.308036 0.415179,0.738839,0.332589,0.308036,0.415179,131,28,69,93,4513,166.1974,75.2034
train,CXR004_001.jpg,3,atelektasis,0.557944,1,0.5000,"18,45,75,99",3 0.247768 0.421875 0.334821 0.441964,0.247768,0.421875,0.334821,0.441964,18,45,75,99,5273,54.289,92.2408
train,CXR004_002.jpg,0,infiltrat,0.682867,1,0.5000,"45,57,64,73",0 0.343750 0.417411 0.285714 0.325893,0.343750,0.417411,0.285714,0.325893,45,57,64,73,3318,75.9271,93.0859
train,CXR004_002.jpg,1,pneumothorax,0.571921,1,0.5000,"28,57,81,94",1 0.305804 0.464286 0.361607 0.419643,0.305804,0.464286,0.361607,0.419643,28,57,81,94,4894,66.4602,94.444
train,CXR004_002.jpg,3,atelektasis,0.568906,1,0.5000,"37,28,79,102",3 0.341518 0.352679 0.352679 0.455357,0.341518,0.352679,0.352679,0.455357,37,28,79,102,6175,72.4497,76.7469
train,CXR005_001.jpg,0,infiltrat,0.914153,1,0.5000,"11,43,73,79",0 0.212054 0.368304 0.325893 0.352679,0.212054,0.368304,0.325893,0.352679,11,43,73,79,3315,42.229,76.1738
train,CXR006_001.jpg,0,infiltrat,0.828059,1,0.5000,"25,50,68,100",0 0.263393 0.446429 0.303571 0.446429,0.263393,0.446429,0.303571,0.446429,25,50,68,100,5626,55.1968,98.0537
train,CXR006_001.jpg,1,pneumothorax,0.573005,1,0.5000,"25,38,77,104",1 0.283482 0.401786 0.343750 0.464286,0.283482,0.401786,0.343750,0.464286,25,38,77,104,4864,58.5582,93.8976
train,CXR006_002.jpg,0,infiltrat,0.237759,1,0.5000,"28,128,43,44",0 0.220982 0.669643 0.191964 0.196429,0.220982,0.669643,0.191964,0.196429,28,128,43,44,920,42.3315,143.2685
train,CXR007_001.jpg,1,pneumothorax,0.458260,1,0.5000,"154,100,42,82",1 0.781250 0.629464 0.187500 0.366071,0.781250,0.629464,0.187500,0.366071,154,100,42,82,2113,177.0776,141.0729
train,CXR007_001.jpg,1,pneumothorax,0.458260,2,0.5000,"46,79,18,34",1 0.245536 0.428571 0.080357 0.151786,0.245536,0.428571,0.080357,0.151786,46,79,18,34,276,50.3442,98.8514
train,CXR007_001.jpg,1,pneumothorax,0.458260,3,0.5000,"82,94,13,28",1 0.395089 0.482143 0.058036 0.125000,0.395089,0.482143,0.058036,0.125000,82,94,13,28,139,87.5252,108.0863
train,CXR007_002.jpg,0,infiltrat,0.319974,1,0.5000,"25,131,54,55",0 0.232143 0.707589 0.241071 0.245536,0.232143,0.707589,0.241071,0.245536,25,131,54,55,1448,42.8191,153.422
train,CXR007_003.jpg,1,pneumothorax,0.370424,1,0.5000,"169,113,38,55",1 0.839286 0.627232 0.169643 0.245536,0.839286,0.627232,0.169643,0.245536,169,113,38,55,1393,189.855,137.4121
train,CXR008_001.jpg,0,infiltrat,0.148366,1,0.5000,"33,154,12,11",0 0.174107 0.712054 0.053571 0.049107,0.174107,0.712054,0.053571,0.049107,33,154,12,11,80,38.6625,158.1625
train,CXR009_003.jpg,1,pneumothorax,0.547965,1,0.5000,"48,64,57,80",1 0.341518 0.464286 0.254464 0.357143,0.341518,0.464286,0.254464,0.357143,48,64,57,80,2677,78.9178,110.4098
train,CXR009_003.jpg,1,pneumothorax,0.547965,2,0.5000,"147,49,46,84",1 0.758929 0.406250 0.205357 0.375000,0.758929,0.406250,0.205357,0.375000,147,49,46,84,1500,171.2593,97.606
train,CXR011_002.jpg,3,atelektasis,0.791522,1,0.5000,"137,57,59,73",3 0.743304 0.417411 0.263393 0.325893,0.743304,0.417411,0.263393,0.325893,137,57,59,73,2210,170.0778,87.7367
train,CXR012_001.jpg,0,infiltrat,0.594212,1,0.5000,"38,62,64,100",0 0.312500 0.500000 0.285714 0.446429,0.312500,0.500000,0.285714,0.446429,38,62,64,100,5125,66.4049,112.5085
train,CXR012_001.jpg,0,infiltrat,0.594212,2,0.5000,"166,104,15,24",0 0.774554 0.517857 0.066964 0.107143,0.774554,0.517857,0.066964,0.107143,166,104,15,24,200,173.805,114.11
train,CXR012_002.jpg,0,infiltrat,0.578588,1,0.5000,"45,70,59,84",0 0.332589 0.500000 0.263393 0.375000,0.332589,0.500000,0.263393,0.375000,45,70,59,84,3659,70.7885,106.2367
train,CXR012_002.jpg,0,infiltrat,0.578588,2,0.5000,"141,41,66,72",0 0.776786 0.343750 0.294643 0.321429,0.776786,0.343750,0.294643,0.321429,141,41,66,72,2847,176.0039,79.1623
train,CXR012_003.jpg,0,infiltrat,0.643736,1,0.5000,"31,63,67,83",0 0.287946 0.466518 0.299107 0.370536,0.287946,0.466518,0.299107,0.370536,31,63,67,83,4277,61.502,99.2312
train,CXR012_003.jpg,0,infiltrat,0.643736,2,0.5000,"137,25,56,86",0 0.736607 0.303571 0.250000 0.383929,0.736607,0.303571,0.250000,0.383929,137,25,56,86,3600,163.8494,71.0578
train,CXR013_003.jpg,0,infiltrat,0.776891,1,0.5000,"35,54,74,97",0 0.321429 0.457589 0.330357 0.433036,0.321429,0.457589,0.330357,0.433036,35,54,74,97,4425,67.9844,97.475
train,CXR014_001.jpg,0,infiltrat,0.376884,1,0.5000,"127,18,52,34",0 0.683036 0.156250 0.232143 0.151786,0.683036,0.156250,0.232143,0.151786,127,18,52,34,502,150.7629,32.1135
train,CXR014_002.jpg,0,infiltrat,0.373725,1,0.5000,"158,14,24,21",0 0.758929 0.109375 0.107143 0.093750,0.758929,0.109375,0.107143,0.093750,158,14,24,21,174,168.6552,24.2701
train,CXR014_002.jpg,0,infiltrat,0.373725,2,0.5000,"14,123,14,10",0 0.093750 0.571429 0.062500 0.044643,0.093750,0.571429,0.062500,0.044643,14,123,14,10,77,19.6104,126.7792
train,CXR014_003.jpg,0,infiltrat,0.308145,1,0.5000,"72,119,24,11",0 0.375000 0.555804 0.107143 0.049107,0.375000,0.555804,0.107143,0.049107,72,119,24,11,118,83.8983,123.7373
train,CXR015_002.jpg,0,infiltrat,0.904881,1,0.5000,"25,38,70,102",0 0.267857 0.397321 0.312500 0.455357,0.267857,0.397321,0.312500,0.455357,25,38,70,102,4530,58.9658,85.2951
train,CXR015_002.jpg,0,infiltrat,0.904881,2,0.5000,"141,34,48,68",0 0.736607 0.303571 0.214286 0.303571,0.736607,0.303571,0.214286,0.303571,141,34,48,68,2268,166.9281,66.9162
train,CXR015_003.jpg,0,infiltrat,0.734758,1,0.5000,"31,42,67,100",0 0.287946 0.410714 0.299107 0.446429,0.287946,0.410714,0.299107,0.446429,31,42,67,100,4453,63.3847,87.1657
train,CXR016_002.jpg,0,infiltrat,0.807819,1,0.5000,"38,44,71,90",0 0.328125 0.397321 0.316964 0.401786,0.328125,0.397321,0.316964,0.401786,38,44,71,90,4024,72.2319,88.0007
train,CXR016_002.jpg,0,infiltrat,0.807819,2,0.5000,"130,22,66,88",0 0.727679 0.294643 0.294643 0.392857,0.727679,0.294643,0.294643,0.392857,130,22,66,88,3251,159.562,65.0787
train,CXR016_003.jpg,0,infiltrat,0.826414,1,0.5000,"38,18,71,92",0 0.328125 0.285714 0.316964 0.410714,0.328125,0.285714,0.316964,0.410714,38,18,71,92,4622,71.2752,63.2869
train,CXR016_003.jpg,0,infiltrat,0.826414,2,0.5000,"130,14,33,68",0 0.654018 0.214286 0.147321 0.303571,0.654018,0.214286,0.147321,0.303571,130,14,33,68,1461,148.3943,45.6701
train,CXR016_004.jpg,0,infiltrat,0.740770,1,0.5000,"129,31,64,95",0 0.718750 0.350446 0.285714 0.424107,0.718750,0.350446,0.285714,0.424107,129,31,64,95,4699,161.5397,79.1209
train,CXR016_004.jpg,0,infiltrat,0.740770,2,0.5000,"45,110,16,3",0 0.236607 0.497768 0.071429 0.013393,0.236607,0.497768,0.071429,0.013393,45,110,16,3,37,51.8108,111.2432
train,CXR017_004.jpg,0,infiltrat,0.897010,1,0.5000,"45,47,64,86",0 0.343750 0.401786 0.285714 0.383929,0.343750,0.401786,0.285714,0.383929,45,47,64,86,3876,74.9966,84.9538
train,CXR017_004.jpg,1,pneumothorax,0.672201,1,0.5000,"45,63,64,70",1 0.343750 0.437500 0.285714 0.312500,0.343750,0.437500,0.285714,0.312500,45,63,64,70,3209,74.8236,90.799
train,CXR020_001.jpg,0,infiltrat,0.663198,1,0.5000,"38,21,67,76",0 0.319196 0.263393 0.299107 0.339286,0.319196,0.263393,0.299107,0.339286,38,21,67,76,3617,71.6563,61.757
train,CXR020_001.jpg,1,pneumothorax,0.648140,1,0.5000,"38,23,67,102",1 0.319196 0.330357 0.299107 0.455357,0.319196,0.330357,0.299107,0.455357,38,23,67,102,4831,70.0132,74.0083
train,CXR020_001.jpg,1,pneumothorax,0.648140,2,0.5000,"123,18,12,50",1 0.575893 0.191964 0.053571 0.223214,0.575893,0.191964,0.053571,0.223214,123,18,12,50,336,128.7857,39.4107
train,CXR020_002.jpg,1,pneumothorax,0.769146,1,0.5000,"37,28,61,93",1 0.301339 0.332589 0.272321 0.415179,0.301339,0.332589,0.272321,0.415179,37,28,61,93,4013,66.6232,77.3967
train,CXR020_003.jpg,0,infiltrat,0.607239,1,0.5000,"49,14,70,75",0 0.375000 0.229911 0.312500 0.334821,0.375000,0.229911,0.312500,0.334821,49,14,70,75,3580,83.7966,52.3791
train,CXR021_001.jpg,0,infiltrat,0.699393,1,0.5000,"137,88,59,112",0 0.743304 0.642857 0.263393 0.500000,0.743304,0.642857,0.263393,0.500000,137,88,59,112,4420,167.1305,139.5624
train,CXR021_002.jpg,0,infiltrat,0.551436,1,0.5000,"140,131,60,68",0 0.758929 0.736607 0.267857 0.303571,0.758929,0.736607,0.267857,0.303571,140,131,60,68,2359,174.106,159.6935
train,CXR021_002.jpg,0,infiltrat,0.551436,2,0.5000,"25,161,49,31",0 0.220982 0.787946 0.218750 0.138393,0.220982,0.787946,0.218750,0.138393,25,161,49,31,597,40.7085,171.1457
train,CXR021_002.jpg,0,infiltrat,0.551436,3,0.5000,"161,31,14,8",0 0.750000 0.156250 0.062500 0.035714,0.750000,0.156250,0.062500,0.035714,161,31,14,8,47,168.0,34.2128
train,CXR021_003.jpg,0,infiltrat,0.569599,1,0.5000,"137,25,51,66",0 0.725446 0.258929 0.227679 0.294643,0.725446,0.258929,0.227679,0.294643,137,25,51,66,2615,160.4658,59.9449
train,CXR021_003.jpg,0,infiltrat,0.569599,2,0.5000,"21,134,41,38",0 0.185268 0.683036 0.183036 0.169643,0.185268,0.683036,0.183036,0.169643,21,134,41,38,768,39.1393,149.4805
train,CXR022_001.jpg,0,infiltrat,0.809407,1,0.5000,"52,31,64,90",0 0.375000 0.339286 0.285714 0.401786,0.375000,0.339286,0.285714,0.401786,52,31,64,90,4408,82.5429,77.042
train,CXR022_002.jpg,0,infiltrat,0.399652,1,0.5000,"160,24,33,73",0 0.787946 0.270089 0.147321 0.325893,0.787946,0.270089,0.147321,0.325893,160,24,33,73,815,178.2233,62.5988
train,CXR022_003.jpg,0,infiltrat,0.228503,1,0.5000,"49,153,10,12",0 0.241071 0.709821 0.044643 0.053571,0.241071,0.709821,0.044643,0.053571,49,153,10,12,65,52.7692,158.4462
train,CXR024_001.jpg,0,infiltrat,0.631088,1,0.5000,"140,65,56,99",0 0.750000 0.511161 0.250000 0.441964,0.750000,0.511161,0.250000,0.441964,140,65,56,99,3806,170.9012,110.2533
train,CXR024_002.jpg,0,infiltrat,0.694575,1,0.5000,"165,25,49,99",0 0.845982 0.332589 0.218750 0.441964,0.845982,0.332589,0.218750,0.441964,165,25,49,99,3301,189.1197,75.8391
train,CXR024_003.jpg,0,infiltrat,0.615331,1,0.5000,"130,30,59,104",0 0.712054 0.366071 0.263393 0.464286,0.712054,0.366071,0.263393,0.464286,130,30,59,104,3734,162.3506,79.7467
train,CXR025_001.jpg,0,infiltrat,0.748843,1,0.5000,"38,80,57,81",0 0.296875 0.537946 0.254464 0.361607,0.296875,0.537946,0.254464,0.361607,38,80,57,81,2827,61.439,116.7648
train,CXR025_001.jpg,1,pneumothorax,0.717860,1,0.5000,"38,87,57,74",1 0.296875 0.553571 0.254464 0.330357,0.296875,0.553571,0.254464,0.330357,38,87,57,74,2744,61.9493,117.8422
train,CXR025_001.jpg,1,pneumothorax,0.717860,2,0.5000,"126,100,70,65",1 0.718750 0.591518 0.312500 0.290179,0.718750,0.591518,0.312500,0.290179,126,100,70,65,1279,167.8045,138.7623
train,CXR025_001.jpg,3,atelektasis,0.744691,1,0.5000,"38,66,57,90",3 0.296875 0.495536 0.254464 0.401786,0.296875,0.495536,0.254464,0.401786,38,66,57,90,3680,64.1726,105.7962
train,CXR025_001.jpg,3,atelektasis,0.744691,2,0.5000,"126,92,70,73",3 0.718750 0.573661 0.312500 0.325893,0.718750,0.573661,0.312500,0.325893,126,92,70,73,2366,165.3888,128.3183
train,CXR025_002.jpg,0,infiltrat,0.593727,1,0.5000,"42,107,46,52",0 0.290179 0.593750 0.205357 0.232143,0.290179,0.593750,0.205357,0.232143,42,107,46,52,1455,60.255,128.912
train,CXR025_002.jpg,1,pneumothorax,0.526131,1,0.5000,"42,101,38,58",1 0.272321 0.580357 0.169643 0.258929,0.272321,0.580357,0.169643,0.258929,42,101,38,58,1347,57.9629,130.003
train,CXR025_002.jpg,2,efusi pleura,0.636024,1,0.5000,"42,110,46,49",2 0.290179 0.600446 0.205357 0.218750,0.290179,0.600446,0.205357,0.218750,42,110,46,49,1034,60.7369,134.7969
train,CXR025_002.jpg,3,atelektasis,0.751569,1,0.5000,"133,95,67,70",3 0.743304 0.580357 0.299107 0.312500,0.743304,0.580357,0.299107,0.312500,133,95,67,70,2794,172.3515,126.4316
train,CXR025_002.jpg,3,atelektasis,0.751569,2,0.5000,"42,88,49,71",3 0.296875 0.551339 0.218750 0.316964,0.296875,0.551339,0.218750,0.316964,42,88,49,71,2219,62.6692,118.6142
train,CXR025_003.jpg,1,pneumothorax,0.577964,1,0.5000,"45,90,53,57",1 0.319196 0.529018 0.236607 0.254464,0.319196,0.529018,0.236607,0.254464,45,90,53,57,1906,67.3882,113.2671
train,CXR025_003.jpg,3,atelektasis,0.811968,1,0.5000,"45,81,53,66",3 0.319196 0.508929 0.236607 0.294643,0.319196,0.508929,0.236607,0.294643,45,81,53,66,2178,67.7548,110.0023
train,CXR026_001.jpg,0,infiltrat,0.536549,1,0.5000,"28,75,71,85",0 0.283482 0.524554 0.316964 0.379464,0.283482,0.524554,0.316964,0.379464,28,75,71,85,3935,59.3985,117.8701
train,CXR026_001.jpg,0,infiltrat,0.536549,2,0.5000,"140,111,37,52",0 0.707589 0.611607 0.165179 0.232143,0.707589,0.611607,0.165179,0.232143,140,111,37,52,1128,156.0541,142.1897
train,CXR026_001.jpg,0,infiltrat,0.536549,3,0.5000,"190,173,13,6",0 0.877232 0.785714 0.058036 0.026786,0.877232,0.785714,0.058036,0.026786,190,173,13,6,46,196.8913,175.3043
train,CXR026_002.jpg,0,infiltrat,0.484116,1,0.5000,"35,35,60,90",0 0.290179 0.357143 0.267857 0.401786,0.290179,0.357143,0.267857,0.401786,35,35,60,90,3572,67.8586,83.3707
train,CXR026_002.jpg,0,infiltrat,0.484116,2,0.5000,"165,64,42,85",0 0.830357 0.475446 0.187500 0.379464,0.830357,0.475446,0.187500,0.379464,165,64,42,85,1785,182.916,105.7356
train,CXR026_003.jpg,2,efusi pleura,0.454527,1,0.5000,"25,107,68,47",2 0.263393 0.582589 0.303571 0.209821,0.263393,0.582589,0.303571,0.209821,25,107,68,47,1369,51.9065,124.9671
train,CXR027_001.jpg,0,infiltrat,0.636523,1,0.5000,"35,21,74,96",0 0.321429 0.308036 0.330357 0.428571,0.321429,0.308036,0.330357,0.428571,35,21,74,96,4922,73.2702,73.398
train,CXR027_001.jpg,3,atelektasis,0.629647,1,0.5000,"35,28,74,91",3 0.321429 0.328125 0.330357 0.406250,0.321429,0.328125,0.330357,0.406250,35,28,74,91,4710,73.2074,72.996
train,CXR027_002.jpg,0,infiltrat,0.498742,1,0.5000,"38,21,54,78",0 0.290179 0.267857 0.241071 0.348214,0.290179,0.267857,0.241071,0.348214,38,21,54,78,2742,63.8698,64.9143
train,CXR027_003.jpg,3,atelektasis,0.435787,1,0.5000,"133,32,70,73",3 0.750000 0.305804 0.312500 0.325893,0.750000,0.305804,0.312500,0.325893,133,32,70,73,2208,172.0494,55.8238
train,CXR028_001.jpg,0,infiltrat,0.425448,1,0.5000,"25,138,13,32",0 0.140625 0.687500 0.058036 0.142857,0.140625,0.687500,0.058036,0.142857,25,138,13,32,211,29.0521,155.3555
train,CXR028_001.jpg,0,infiltrat,0.425448,2,0.5000,"189,166,21,20",0 0.890625 0.785714 0.093750 0.089286,0.890625,0.785714,0.093750,0.089286,189,166,21,20,196,202.5357,172.4235
train,CXR030_001.jpg,0,infiltrat,0.763404,1,0.5000,"25,7,72,90",0 0.272321 0.232143 0.321429 0.401786,0.272321,0.232143,0.321429,0.401786,25,7,72,90,5169,63.2991,54.6315
train,CXR030_001.jpg,0,infiltrat,0.763404,2,0.5000,"151,67,45,67",0 0.774554 0.448661 0.200893 0.299107,0.774554,0.448661,0.200893,0.299107,151,67,45,67,1810,175.5232,99.2315
train,CXR030_001.jpg,2,efusi pleura,0.520020,1,0.5000,"154,78,42,69",2 0.781250 0.502232 0.187500 0.308036,0.781250,0.502232,0.187500,0.308036,154,78,42,69,1697,177.2381,106.5457
train,CXR030_002.jpg,0,infiltrat,0.560322,1,0.5000,"31,21,64,88",0 0.281250 0.290179 0.285714 0.392857,0.281250,0.290179,0.285714,0.392857,31,21,64,88,3751,63.4441,72.9437
train,CXR030_002.jpg,2,efusi pleura,0.530282,1,0.5000,"187,137,8,7",2 0.852679 0.627232 0.035714 0.031250,0.852679,0.627232,0.035714,0.031250,187,137,8,7,28,190.25,140.4643
train,CXR030_003.jpg,0,infiltrat,0.692743,1,0.5000,"179,63,21,33",0 0.845982 0.354911 0.093750 0.147321,0.845982,0.354911,0.093750,0.147321,179,63,21,33,280,190.9321,78.2893
train,CXR030_003.jpg,0,infiltrat,0.692743,2,0.5000,"196,126,7,14",0 0.890625 0.593750 0.031250 0.062500,0.890625,0.593750,0.031250,0.062500,196,126,7,14,61,199.2131,132.5574
train,CXR030_003.jpg,1,pneumothorax,0.534518,1,0.5000,"179,55,21,41",1 0.845982 0.337054 0.093750 0.183036,0.845982,0.337054,0.093750,0.183036,179,55,21,41,343,190.1983,75.1924
train,CXR030_003.jpg,1,pneumothorax,0.534518,2,0.5000,"161,54,18,19",1 0.758929 0.283482 0.080357 0.084821,0.758929,0.283482,0.080357,0.084821,161,54,18,19,148,169.8919,63.7905
train,CXR030_003.jpg,1,pneumothorax,0.534518,3,0.5000,"196,126,7,14",1 0.890625 0.593750 0.031250 0.062500,0.890625,0.593750,0.031250,0.062500,196,126,7,14,61,199.2131,132.5574
train,CXR030_003.jpg,2,efusi pleura,0.541505,1,0.5000,"196,126,7,14",2 0.890625 0.593750 0.031250 0.062500,0.890625,0.593750,0.031250,0.062500,196,126,7,14,61,199.2131,132.5574
train,CXR031_001.jpg,0,infiltrat,0.787743,1,0.5000,"27,61,71,100",0 0.279018 0.495536 0.316964 0.446429,0.279018,0.495536,0.316964,0.446429,27,61,71,100,5352,57.7728,109.9324
train,CXR031_002.jpg,0,infiltrat,0.665726,1,0.5000,"18,24,77,139",0 0.252232 0.417411 0.343750 0.620536,0.252232,0.417411,0.343750,0.620536,18,24,77,139,6816,54.1876,90.8173
train,CXR031_003.jpg,0,infiltrat,0.447356,1,0.5000,"35,48,29,109",0 0.220982 0.457589 0.129464 0.486607,0.220982,0.457589,0.129464,0.486607,35,48,29,109,2049,49.1327,102.0854
train,CXR032_002.jpg,0,infiltrat,0.625579,1,0.5000,"136,34,57,93",0 0.734375 0.359375 0.254464 0.415179,0.734375,0.359375,0.254464,0.415179,136,34,57,93,3419,166.659,83.1462
train,CXR032_003.jpg,0,infiltrat,0.667568,1,0.5000,"134,19,62,81",0 0.736607 0.265625 0.276786 0.361607,0.736607,0.265625,0.276786,0.361607,134,19,62,81,3201,165.0344,60.2171
train,CXR033_001.jpg,1,pneumothorax,0.551214,1,0.5000,"11,32,63,104",1 0.189732 0.375000 0.281250 0.464286,0.189732,0.375000,0.281250,0.464286,11,32,63,104,4043,42.0923,82.9824
train,CXR033_002.jpg,3,atelektasis,0.525742,1,0.5000,"25,44,73,85",3 0.274554 0.386161 0.325893 0.379464,0.274554,0.386161,0.325893,0.379464,25,44,73,85,4445,61.5768,84.3863
train,CXR033_002.jpg,3,atelektasis,0.525742,2,0.5000,"126,66,60,69",3 0.696429 0.448661 0.267857 0.308036,0.696429,0.448661,0.267857,0.308036,126,66,60,69,2523,159.1221,95.675
train,CXR033_003.jpg,0,infiltrat,0.552306,1,0.5000,"25,86,52,54",0 0.227679 0.504464 0.232143 0.241071,0.227679,0.504464,0.232143,0.241071,25,86,52,54,1472,45.1726,110.5795
train,CXR033_003.jpg,3,atelektasis,0.619025,1,0.5000,"25,36,70,96",3 0.267857 0.375000 0.312500 0.428571,0.267857,0.375000,0.312500,0.428571,25,36,70,96,4479,59.4843,81.246
train,CXR033_003.jpg,3,atelektasis,0.619025,2,0.5000,"112,44,7,12",3 0.515625 0.223214 0.031250 0.053571,0.515625,0.223214,0.031250,0.053571,112,44,7,12,48,114.7708,49.7292
train,CXR034_001.jpg,0,infiltrat,0.743042,1,0.5000,"130,32,73,99",0 0.743304 0.363839 0.325893 0.441964,0.743304,0.363839,0.325893,0.441964,130,32,73,99,5068,167.3303,78.8911
train,CXR034_002.jpg,0,infiltrat,0.307973,1,0.5000,"160,64,45,32",0 0.814732 0.357143 0.200893 0.142857,0.814732,0.357143,0.200893,0.142857,160,64,45,32,1019,181.5888,79.9872
train,CXR034_002.jpg,0,infiltrat,0.307973,2,0.5000,"193,163,21,30",0 0.908482 0.794643 0.093750 0.133929,0.908482,0.794643,0.093750,0.133929,193,163,21,30,319,204.5643,175.1912
train,CXR034_002.jpg,0,infiltrat,0.307973,3,0.5000,"35,58,4,24",0 0.165179 0.312500 0.017857 0.107143,0.165179,0.312500,0.017857,0.107143,35,58,4,24,45,36.3111,68.7556
train,CXR034_003.jpg,0,infiltrat,0.408628,1,0.5000,"186,45,17,53",0 0.868304 0.319196 0.075893 0.236607,0.868304,0.319196,0.075893,0.236607,186,45,17,53,449,193.3786,73.4432
train,CXR034_003.jpg,0,infiltrat,0.408628,2,0.5000,"173,128,30,33",0 0.839286 0.645089 0.133929 0.147321,0.839286,0.645089,0.133929,0.147321,173,128,30,33,421,193.791,140.9834
train,CXR034_003.jpg,0,infiltrat,0.408628,3,0.5000,"28,38,7,36",0 0.140625 0.250000 0.031250 0.160714,0.140625,0.250000,0.031250,0.160714,28,38,7,36,96,30.9896,53.8646
train,CXR035_001.jpg,1,pneumothorax,0.661100,1,0.5000,"147,53,63,133",1 0.796875 0.533482 0.281250 0.593750,0.796875,0.533482,0.281250,0.593750,147,53,63,133,4988,182.2783,115.1626
train,CXR035_001.jpg,1,pneumothorax,0.661100,2,0.5000,"45,80,64,74",1 0.343750 0.522321 0.285714 0.330357,0.343750,0.522321,0.285714,0.330357,45,80,64,74,1579,74.3249,112.5491
train,CXR035_002.jpg,0,infiltrat,0.413050,1,0.5000,"38,102,47,59",0 0.274554 0.587054 0.209821 0.263393,0.274554,0.587054,0.209821,0.263393,38,102,47,59,1230,54.5439,128.0528
train,CXR035_003.jpg,0,infiltrat,0.391242,1,0.5000,"38,100,53,75",0 0.287946 0.613839 0.236607 0.334821,0.287946,0.613839,0.236607,0.334821,38,100,53,75,1914,58.5606,136.5815
train,CXR037_001.jpg,0,infiltrat,0.786170,1,0.5000,"137,45,63,95",0 0.752232 0.412946 0.281250 0.424107,0.752232,0.412946,0.281250,0.424107,137,45,63,95,3979,166.1191,91.6597
train,CXR037_002.jpg,0,infiltrat,0.687885,1,0.5000,"133,28,67,96",0 0.743304 0.339286 0.299107 0.428571,0.743304,0.339286,0.299107,0.428571,133,28,67,96,4251,165.917,77.2538
train,CXR037_003.jpg,0,infiltrat,0.642665,1,0.5000,"119,38,63,66",0 0.671875 0.316964 0.281250 0.294643,0.671875,0.316964,0.281250,0.294643,119,38,63,66,2653,149.1723,70.847
train,CXR037_003.jpg,0,infiltrat,0.642665,2,0.5000,"94,43,8,30",0 0.437500 0.258929 0.035714 0.133929,0.437500,0.258929,0.035714,0.133929,94,43,8,30,111,97.2072,56.4234
train,CXR038_001.jpg,1,pneumothorax,0.938443,1,0.5000,"133,59,49,84",1 0.703125 0.450893 0.218750 0.375000,0.703125,0.450893,0.218750,0.375000,133,59,49,84,2279,160.6604,96.4756
train,CXR038_001.jpg,1,pneumothorax,0.938443,2,0.5000,"45,62,53,84",1 0.319196 0.464286 0.236607 0.375000,0.319196,0.464286,0.236607,0.375000,45,62,53,84,1818,76.4439,113.8476
train,CXR038_002.jpg,1,pneumothorax,0.908868,1,0.5000,"42,44,63,89",1 0.328125 0.395089 0.281250 0.397321,0.328125,0.395089,0.281250,0.397321,42,44,63,89,3556,73.4761,94.351
train,CXR038_002.jpg,1,pneumothorax,0.908868,2,0.5000,"130,41,63,82",1 0.720982 0.366071 0.281250 0.366071,0.720982,0.366071,0.281250,0.366071,130,41,63,82,2667,166.9516,73.7173
train,CXR038_002.jpg,2,efusi pleura,0.605062,1,0.5000,"42,85,60,48",2 0.321429 0.486607 0.267857 0.214286,0.321429,0.486607,0.267857,0.214286,42,85,60,48,1970,70.5315,108.4756
train,CXR038_002.jpg,3,atelektasis,0.522931,1,0.5000,"130,25,59,69",3 0.712054 0.265625 0.263393 0.308036,0.712054,0.265625,0.263393,0.308036,130,25,59,69,2453,160.5773,56.914
train,CXR038_003.jpg,1,pneumothorax,0.742462,1,0.5000,"43,34,66,96",1 0.339286 0.366071 0.294643 0.428571,0.339286,0.366071,0.294643,0.428571,43,34,66,96,3389,80.8457,91.4996
train,CXR038_003.jpg,1,pneumothorax,0.742462,2,0.5000,"130,36,57,87",1 0.707589 0.354911 0.254464 0.388393,0.707589,0.354911,0.254464,0.388393,130,36,57,87,2160,164.463,74.2231
train,CXR038_003.jpg,2,efusi pleura,0.632945,1,0.5000,"42,93,63,37",2 0.328125 0.497768 0.281250 0.165179,0.328125,0.497768,0.281250,0.165179,42,93,63,37,1681,73.8572,111.3129
train,CXR040_002.jpg,1,pneumothorax,0.574106,1,0.5000,"38,69,71,98",1 0.328125 0.526786 0.316964 0.437500,0.328125,0.526786,0.316964,0.437500,38,69,71,98,4374,69.3402,112.6799
train,CXR040_003.jpg,0,infiltrat,0.512468,1,0.5000,"126,25,59,51",0 0.694196 0.225446 0.263393 0.227679,0.694196,0.225446,0.263393,0.227679,126,25,59,51,1604,154.0037,49.6827
train,CXR040_003.jpg,0,infiltrat,0.512468,2,0.5000,"25,115,35,46",0 0.189732 0.616071 0.156250 0.205357,0.189732,0.616071,0.156250,0.205357,25,115,35,46,818,37.5049,138.8215
train,CXR040_003.jpg,1,pneumothorax,0.504016,1,0.5000,"25,25,77,133",1 0.283482 0.408482 0.343750 0.593750,0.283482,0.408482,0.343750,0.593750,25,25,77,133,5127,63.6909,97.112
train,CXR040_003.jpg,1,pneumothorax,0.504016,2,0.5000,"151,99,35,66",1 0.752232 0.589286 0.156250 0.294643,0.752232,0.589286,0.156250,0.294643,151,99,35,66,1658,170.3166,128.0
train,CXR040_003.jpg,1,pneumothorax,0.504016,3,0.5000,"126,25,18,23",1 0.602679 0.162946 0.080357 0.102679,0.602679,0.162946,0.080357,0.102679,126,25,18,23,164,132.5427,34.6037
train,CXR041_001.jpg,0,infiltrat,0.586493,1,0.5000,"140,41,60,65",0 0.758929 0.328125 0.267857 0.290179,0.758929,0.328125,0.267857,0.290179,140,41,60,65,2118,172.5434,79.1204
train,CXR041_001.jpg,1,pneumothorax,0.657368,1,0.5000,"140,79,63,96",1 0.765625 0.566964 0.281250 0.428571,0.765625,0.566964,0.281250,0.428571,140,79,63,96,3736,175.9928,118.9569
train,CXR041_002.jpg,1,pneumothorax,0.602192,1,0.5000,"144,81,63,73",1 0.783482 0.524554 0.281250 0.325893,0.783482,0.524554,0.281250,0.325893,144,81,63,73,2734,182.6884,112.8826
train,CXR041_003.jpg,1,pneumothorax,0.619009,1,0.5000,"145,90,58,68",1 0.776786 0.553571 0.258929 0.303571,0.776786,0.553571,0.258929,0.303571,145,90,58,68,2464,179.5998,118.1599
train,CXR042_002.jpg,1,pneumothorax,0.637308,1,0.5000,"151,89,56,65",1 0.799107 0.542411 0.250000 0.290179,0.799107,0.542411,0.250000,0.290179,151,89,56,65,2249,183.0934,117.4384
train,CXR042_002.jpg,2,efusi pleura,0.678091,1,0.5000,"147,93,60,61",2 0.790179 0.551339 0.267857 0.272321,0.790179,0.551339,0.267857,0.272321,147,93,60,61,2117,182.6812,119.0869
train,CXR042_003.jpg,1,pneumothorax,0.838714,1,0.5000,"149,95,54,80",1 0.785714 0.602679 0.241071 0.357143,0.785714,0.602679,0.241071,0.357143,149,95,54,80,2433,180.8155,129.9264
train,CXR043_001.jpg,0,infiltrat,0.531943,1,0.5000,"173,45,38,83",0 0.857143 0.386161 0.169643 0.370536,0.857143,0.386161,0.169643,0.370536,173,45,38,83,1561,191.4234,92.0468
train,CXR043_001.jpg,1,pneumothorax,0.845708,1,0.5000,"165,55,49,82",1 0.845982 0.428571 0.218750 0.366071,0.845982,0.428571,0.218750,0.366071,165,55,49,82,2009,187.8566,93.109
train,CXR043_001.jpg,2,efusi pleura,0.550744,1,0.5000,"91,88,32,52",2 0.477679 0.508929 0.142857 0.232143,0.477679,0.508929,0.142857,0.232143,91,88,32,52,1091,105.033,115.4335
train,CXR043_001.jpg,2,efusi pleura,0.550744,2,0.5000,"178,103,24,30",2 0.848214 0.526786 0.107143 0.133929,0.848214,0.526786,0.107143,0.133929,178,103,24,30,320,192.4031,117.3094
train,CXR043_001.jpg,3,atelektasis,0.567515,1,0.5000,"161,47,53,90",3 0.837054 0.410714 0.236607 0.401786,0.837054,0.410714,0.236607,0.401786,161,47,53,90,2337,186.8567,87.9332
train,CXR043_002.jpg,0,infiltrat,0.649291,1,0.5000,"146,73,22,67",0 0.700893 0.475446 0.098214 0.299107,0.700893,0.475446,0.098214,0.299107,146,73,22,67,752,159.6662,109.3258
train,CXR043_002.jpg,1,pneumothorax,0.857841,1,0.5000,"133,68,35,72",1 0.671875 0.464286 0.156250 0.321429,0.671875,0.464286,0.156250,0.321429,133,68,35,72,1635,151.8691,98.4147
train,CXR043_002.jpg,3,atelektasis,0.814979,1,0.5000,"62,67,40,66",3 0.366071 0.446429 0.178571 0.294643,0.366071,0.446429,0.178571,0.294643,62,67,40,66,1694,82.5667,100.4374
train,CXR043_002.jpg,3,atelektasis,0.814979,2,0.5000,"133,66,35,74",3 0.671875 0.459821 0.156250 0.330357,0.671875,0.459821,0.156250,0.330357,133,66,35,74,1663,151.7336,97.9411
train,CXR043_003.jpg,0,infiltrat,0.581390,1,0.5000,"140,33,45,45",0 0.725446 0.247768 0.200893 0.200893,0.725446,0.247768,0.200893,0.200893,140,33,45,45,1010,162.3495,53.5792
train,CXR043_003.jpg,1,pneumothorax,0.714993,1,0.5000,"144,63,49,56",1 0.752232 0.406250 0.218750 0.250000,0.752232,0.406250,0.218750,0.250000,144,63,49,56,1572,169.0795,87.659
train,CXR043_003.jpg,3,atelektasis,0.556385,1,0.5000,"137,31,52,85",3 0.727679 0.328125 0.232143 0.379464,0.727679,0.328125,0.232143,0.379464,137,31,52,85,2466,163.9935,70.6054
train,CXR044_003.jpg,2,efusi pleura,0.311568,1,0.5000,"83,91,15,18",2 0.404018 0.446429 0.066964 0.080357,0.404018,0.446429,0.066964,0.080357,83,91,15,18,155,91.6968,101.0258
train,CXR045_001.jpg,0,infiltrat,0.710643,1,0.5000,"130,52,63,93",0 0.720982 0.439732 0.281250 0.415179,0.720982,0.439732,0.281250,0.415179,130,52,63,93,2962,166.5827,91.9166
train,CXR045_002.jpg,0,infiltrat,0.665741,1,0.5000,"133,15,67,98",0 0.743304 0.285714 0.299107 0.437500,0.743304,0.285714,0.299107,0.437500,133,15,67,98,3793,167.7008,61.9257
train,CXR045_003.jpg,0,infiltrat,0.685107,1,0.5000,"141,42,73,95",0 0.792411 0.399554 0.325893 0.424107,0.792411,0.399554,0.325893,0.424107,141,42,73,95,3077,179.5281,78.7579
train,CXR046_001.jpg,0,infiltrat,0.735840,1,0.5000,"140,35,53,82",0 0.743304 0.339286 0.236607 0.366071,0.743304,0.339286,0.236607,0.366071,140,35,53,82,3125,168.1539,76.0413
train,CXR046_001.jpg,0,infiltrat,0.735840,2,0.5000,"45,131,37,28",0 0.283482 0.647321 0.165179 0.125000,0.283482,0.647321,0.165179,0.125000,45,131,37,28,539,59.5455,144.7421
train,CXR046_001.jpg,1,pneumothorax,0.713722,1,0.5000,"151,75,42,90",1 0.767857 0.535714 0.187500 0.401786,0.767857,0.535714,0.187500,0.401786,151,75,42,90,2418,175.1754,113.5624
train,CXR046_002.jpg,1,pneumothorax,0.879409,1,0.5000,"144,77,42,88",1 0.736607 0.540179 0.187500 0.392857,0.736607,0.540179,0.187500,0.392857,144,77,42,88,2095,169.5461,109.7613
train,CXR046_003.jpg,1,pneumothorax,0.811888,1,0.5000,"144,64,42,87",1 0.736607 0.479911 0.187500 0.388393,0.736607,0.479911,0.187500,0.388393,144,64,42,87,1929,169.6786,100.084
train,CXR047_001.jpg,0,infiltrat,0.570819,1,0.5000,"42,18,56,92",0 0.312500 0.285714 0.250000 0.410714,0.312500,0.285714,0.250000,0.410714,42,18,56,92,2725,65.1516,72.5699
train,CXR047_001.jpg,2,efusi pleura,0.626873,1,0.5000,"42,99,53,62",2 0.305804 0.580357 0.236607 0.276786,0.305804,0.580357,0.236607,0.276786,42,99,53,62,1744,64.8853,122.4564
train,CXR047_002.jpg,0,infiltrat,0.544566,1,0.5000,"42,25,56,72",0 0.312500 0.272321 0.250000 0.321429,0.312500,0.272321,0.250000,0.321429,42,25,56,72,2421,66.045,64.3635
train,CXR047_002.jpg,2,efusi pleura,0.598264,1,0.5000,"42,118,53,54",2 0.305804 0.647321 0.236607 0.241071,0.305804,0.647321,0.236607,0.241071,42,118,53,54,1407,63.6375,136.9545
train,CXR047_003.jpg,0,infiltrat,0.637496,1,0.5000,"35,45,56,81",0 0.281250 0.381696 0.250000 0.361607,0.281250,0.381696,0.250000,0.361607,35,45,56,81,3384,61.0077,88.4607
train,CXR047_003.jpg,2,efusi pleura,0.614425,1,0.5000,"136,65,50,68",2 0.718750 0.441964 0.223214 0.303571,0.718750,0.441964,0.223214,0.303571,136,65,50,68,1464,161.4372,93.4768
train,CXR048_001.jpg,0,infiltrat,0.771531,1,0.5000,"126,70,67,67",0 0.712054 0.462054 0.299107 0.299107,0.712054,0.462054,0.299107,0.299107,126,70,67,67,3311,159.4941,102.2196
train,CXR048_001.jpg,0,infiltrat,0.771531,2,0.5000,"14,100,63,75",0 0.203125 0.613839 0.281250 0.334821,0.203125,0.613839,0.281250,0.334821,14,100,63,75,2620,42.5813,131.5611
train,CXR048_002.jpg,0,infiltrat,0.297713,1,0.5000,"21,147,21,28",0 0.140625 0.718750 0.093750 0.125000,0.140625,0.718750,0.093750,0.125000,21,147,21,28,294,28.2347,157.4898
train,CXR048_002.jpg,0,infiltrat,0.297713,2,0.5000,"190,57,6,35",0 0.861607 0.332589 0.026786 0.156250,0.861607,0.332589,0.026786,0.156250,190,57,6,35,129,193.1008,74.6667
train,CXR048_003.jpg,0,infiltrat,0.285452,1,0.5000,"21,156,28,30",0 0.156250 0.763393 0.125000 0.133929,0.156250,0.763393,0.125000,0.133929,21,156,28,30,386,30.1321,166.6295
train,CXR049_001.jpg,0,infiltrat,0.638135,1,0.5000,"136,36,64,96",0 0.750000 0.375000 0.285714 0.428571,0.750000,0.375000,0.285714,0.428571,136,36,64,96,3820,166.8387,83.0469
train,CXR049_001.jpg,1,pneumothorax,0.682574,1,0.5000,"38,85,51,55",1 0.283482 0.502232 0.227679 0.245536,0.283482,0.502232,0.227679,0.245536,38,85,51,55,1768,60.4067,109.629
train,CXR049_001.jpg,1,pneumothorax,0.682574,2,0.5000,"175,110,25,37",1 0.837054 0.573661 0.111607 0.165179,0.837054,0.573661,0.111607,0.165179,175,110,25,37,383,190.7206,128.0313
train,CXR049_002.jpg,0,infiltrat,0.589789,1,0.5000,"132,31,57,65",0 0.716518 0.283482 0.254464 0.290179,0.716518,0.283482,0.254464,0.290179,132,31,57,65,2586,159.0777,64.7193
train,CXR049_002.jpg,0,infiltrat,0.589789,2,0.5000,"60,108,24,8",0 0.321429 0.500000 0.107143 0.035714,0.321429,0.500000,0.107143,0.035714,60,108,24,8,110,73.5545,111.0273
train,CXR049_002.jpg,1,pneumothorax,0.611569,1,0.5000,"35,62,63,75",1 0.296875 0.444196 0.281250 0.334821,0.296875,0.444196,0.281250,0.334821,35,62,63,75,3485,62.8875,93.0178
train,CXR049_003.jpg,0,infiltrat,0.803795,1,0.5000,"28,54,70,77",0 0.281250 0.412946 0.312500 0.343750,0.281250,0.412946,0.312500,0.343750,28,54,70,77,3667,58.4066,89.5503
train,CXR049_003.jpg,0,infiltrat,0.803795,2,0.5000,"142,45,40,42",0 0.723214 0.294643 0.178571 0.187500,0.723214,0.294643,0.178571,0.187500,142,45,40,42,754,166.5,70.9363
train,CXR049_003.jpg,1,pneumothorax,0.701061,1,0.5000,"28,61,70,70",1 0.281250 0.428571 0.312500 0.312500,0.281250,0.428571,0.312500,0.312500,28,61,70,70,3465,59.6113,91.3766
train,CXR050_001.jpg,0,infiltrat,0.502492,1,0.5000,"163,39,26,92",0 0.785714 0.379464 0.116071 0.410714,0.785714,0.379464,0.116071,0.410714,163,39,26,92,1372,177.1596,90.965
train,CXR050_002.jpg,0,infiltrat,0.687160,1,0.5000,"131,7,58,98",0 0.714286 0.250000 0.258929 0.437500,0.714286,0.250000,0.258929,0.437500,131,7,58,98,3580,162.7304,52.1707
train,CXR050_002.jpg,3,atelektasis,0.670417,1,0.5000,"140,43,49,80",3 0.734375 0.370536 0.218750 0.357143,0.734375,0.370536,0.218750,0.357143,140,43,49,80,2257,169.3398,75.2251
train,CXR050_002.jpg,3,atelektasis,0.670417,2,0.5000,"96,36,16,67",3 0.464286 0.310268 0.071429 0.299107,0.464286,0.310268,0.071429,0.299107,96,36,16,67,473,102.7738,69.3277
train,CXR050_003.jpg,0,infiltrat,0.517362,1,0.5000,"157,31,25,79",0 0.756696 0.314732 0.111607 0.352679,0.756696,0.314732,0.111607,0.352679,157,31,25,79,1053,171.1842,67.0893
train,CXR051_002.jpg,0,infiltrat,0.870871,1,0.5000,"137,14,73,90",0 0.774554 0.263393 0.325893 0.401786,0.774554,0.263393,0.325893,0.401786,137,14,73,90,3703,176.0124,53.185
train,CXR051_002.jpg,3,atelektasis,0.829758,1,0.5000,"139,19,75,95",3 0.787946 0.296875 0.334821 0.424107,0.787946,0.296875,0.334821,0.424107,139,19,75,95,3577,179.1143,58.4694
train,CXR051_003.jpg,0,infiltrat,0.881423,1,0.5000,"119,14,75,92",0 0.698661 0.267857 0.334821 0.410714,0.698661,0.267857,0.334821,0.410714,119,14,75,92,3406,158.3855,55.1797
train,CXR051_003.jpg,3,atelektasis,0.732346,1,0.5000,"119,25,74,81",3 0.696429 0.292411 0.330357 0.361607,0.696429,0.292411,0.330357,0.361607,119,25,74,81,3078,159.7342,57.873
train,CXR052_002.jpg,0,infiltrat,0.590415,1,0.5000,"28,81,55,55",0 0.247768 0.484375 0.245536 0.245536,0.247768,0.484375,0.245536,0.245536,28,81,55,55,1688,52.5107,107.8519
train,CXR052_002.jpg,0,infiltrat,0.590415,2,0.5000,"38,41,42,32",0 0.263393 0.254464 0.187500 0.142857,0.263393,0.254464,0.187500,0.142857,38,41,42,32,511,56.5401,53.4501
train,CXR052_002.jpg,3,atelektasis,0.635410,1,0.5000,"38,27,50,94",3 0.281250 0.330357 0.223214 0.419643,0.281250,0.330357,0.223214,0.419643,38,27,50,94,2999,60.6035,72.7586
train,CXR052_002.jpg,3,atelektasis,0.635410,2,0.5000,"147,75,46,72",3 0.758929 0.495536 0.205357 0.321429,0.758929,0.495536,0.205357,0.321429,147,75,46,72,1706,170.4045,110.6055
train,CXR052_002.jpg,3,atelektasis,0.635410,3,0.5000,"112,33,14,31",3 0.531250 0.216518 0.062500 0.138393,0.531250,0.216518,0.062500,0.138393,112,33,14,31,255,118.4275,46.5216
train,CXR052_003.jpg,0,infiltrat,0.630432,1,0.5000,"42,85,55,78",0 0.310268 0.553571 0.245536 0.348214,0.310268,0.553571,0.245536,0.348214,42,85,55,78,2145,66.0956,124.9837
train,CXR052_003.jpg,0,infiltrat,0.630432,2,0.5000,"171,132,32,43",0 0.834821 0.685268 0.142857 0.191964,0.834821,0.685268,0.142857,0.191964,171,132,32,43,655,190.8168,152.887
train,CXR052_003.jpg,1,pneumothorax,0.652528,1,0.5000,"45,56,57,89",1 0.328125 0.448661 0.254464 0.397321,0.328125,0.448661,0.254464,0.397321,45,56,57,89,3365,73.3807,104.0339
train,CXR052_003.jpg,3,atelektasis,0.620055,1,0.5000,"51,56,51,77",3 0.341518 0.421875 0.227679 0.343750,0.341518,0.421875,0.227679,0.343750,51,56,51,77,2498,75.9568,93.9412
train,CXR052_003.jpg,3,atelektasis,0.620055,2,0.5000,"126,46,18,47",3 0.602679 0.310268 0.080357 0.209821,0.602679,0.310268,0.080357,0.209821,126,46,18,47,339,134.0914,68.4956
train,CXR004_003.jpg,0,infiltrat,0.649106,1,0.5000,"18,67,84,77",0 0.267857 0.470982 0.375000 0.343750,0.267857,0.470982,0.375000,0.343750,18,67,84,77,3667,60.607,101.7268
train,CXR004_003.jpg,1,pneumothorax,0.683406,1,0.5000,"18,52,74,92",1 0.245536 0.437500 0.330357 0.410714,0.245536,0.437500,0.330357,0.410714,18,52,74,92,4503,52.8938,92.2658
train,CXR004_003.jpg,2,efusi pleura,0.799534,1,0.5000,"34,77,64,56",2 0.294643 0.468750 0.285714 0.250000,0.294643,0.468750,0.285714,0.250000,34,77,64,56,2255,66.8013,105.655
train,CXR004_003.jpg,3,atelektasis,0.618742,1,0.5000,"21,52,78,85",3 0.267857 0.421875 0.348214 0.379464,0.267857,0.421875,0.348214,0.379464,21,52,78,85,4192,60.7486,96.7075
train,CXR006_003.jpg,0,infiltrat,0.165243,1,0.5000,"25,148,13,13",0 0.140625 0.689732 0.058036 0.058036,0.140625,0.689732,0.058036,0.058036,25,148,13,13,82,29.7927,153.5122
train,CXR008_002.jpg,0,infiltrat,0.214924,1,0.5000,"38,120,53,34",0 0.287946 0.611607 0.236607 0.151786,0.287946,0.611607,0.236607,0.151786,38,120,53,34,363,58.2231,133.0937
train,CXR008_002.jpg,0,infiltrat,0.214924,2,0.5000,"154,18,26,21",0 0.745536 0.127232 0.116071 0.093750,0.745536,0.127232,0.116071,0.093750,154,18,26,21,204,166.2206,28.5294
train,CXR008_003.jpg,0,infiltrat,0.131720,1,0.5000,"38,121,45,30",0 0.270089 0.607143 0.200893 0.133929,0.270089,0.607143,0.200893,0.133929,38,121,45,30,257,55.2918,133.4125
train,CXR009_004.jpg,0,infiltrat,0.522310,1,0.5000,"147,35,32,114",0 0.727679 0.410714 0.142857 0.508929,0.727679,0.410714,0.142857,0.508929,147,35,32,114,2192,164.4667,84.7587
train,CXR011_001.jpg,3,atelektasis,0.558259,1,0.5000,"137,56,52,74",3 0.727679 0.415179 0.232143 0.330357,0.727679,0.415179,0.232143,0.330357,137,56,52,74,2015,165.1598,89.2
train,CXR011_003.jpg,0,infiltrat,0.387681,1,0.5000,"117,11,55,27",0 0.645089 0.109375 0.245536 0.120536,0.645089,0.109375,0.245536,0.120536,117,11,55,27,594,140.8114,23.1987
train,CXR011_003.jpg,0,infiltrat,0.387681,2,0.5000,"31,95,8,14",0 0.156250 0.455357 0.035714 0.062500,0.156250,0.455357,0.035714,0.062500,31,95,8,14,50,34.78,102.24
train,CXR016_001.jpg,3,atelektasis,0.499499,1,0.5000,"126,100,50,56",3 0.674107 0.571429 0.223214 0.250000,0.674107,0.571429,0.223214,0.250000,126,100,50,56,1626,150.6673,124.7571
train,CXR017_001.jpg,0,infiltrat,0.420716,1,0.5000,"168,49,24,18",0 0.803571 0.258929 0.107143 0.080357,0.803571,0.258929,0.107143,0.080357,168,49,24,18,183,180.694,59.1366
train,CXR023_001.jpg,1,pneumothorax,0.647015,1,0.5000,"32,89,73,69",1 0.305804 0.551339 0.325893 0.308036,0.305804,0.551339,0.325893,0.308036,32,89,73,69,3019,64.9566,117.2388
train,CXR023_001.jpg,3,atelektasis,0.651891,1,0.5000,"34,99,68,59",3 0.303571 0.573661 0.303571 0.263393,0.303571,0.573661,0.303571,0.263393,34,99,68,59,2494,63.6764,121.1439
train,CXR023_002.jpg,3,atelektasis,0.124674,1,0.5000,"14,122,37,25",3 0.145089 0.600446 0.165179 0.111607,0.145089,0.600446,0.165179,0.111607,14,122,37,25,286,25.8147,131.7378
train,CXR023_003.jpg,0,infiltrat,0.159808,1,0.5000,"203,156,11,8",0 0.930804 0.714286 0.049107 0.035714,0.930804,0.714286,0.049107,0.035714,203,156,11,8,40,208.725,158.65
train,CXR028_002.jpg,1,pneumothorax,0.749804,1,0.5000,"30,25,75,117",1 0.301339 0.372768 0.334821 0.522321,0.301339,0.372768,0.334821,0.522321,30,25,75,117,6455,67.3873,84.0046
train,CXR028_003.jpg,1,pneumothorax,0.778679,1,0.5000,"35,25,77,112",1 0.328125 0.361607 0.343750 0.500000,0.328125,0.361607,0.343750,0.500000,35,25,77,112,6234,72.7732,83.8686
train,CXR028_003.jpg,1,pneumothorax,0.778679,2,0.5000,"130,31,8,41",1 0.598214 0.229911 0.035714 0.183036,0.598214,0.229911,0.035714,0.183036,130,31,8,41,208,133.1538,49.4952
train,CXR036_001.jpg,0,infiltrat,0.699693,1,0.5000,"42,71,67,87",0 0.337054 0.511161 0.299107 0.388393,0.337054,0.511161,0.299107,0.388393,42,71,67,87,4440,74.0691,108.9948
train,CXR036_001.jpg,2,efusi pleura,0.603766,1,0.5000,"89,97,20,43",2 0.441964 0.529018 0.089286 0.191964,0.441964,0.529018,0.089286,0.191964,89,97,20,43,679,98.6907,119.9205
train,CXR036_002.jpg,0,infiltrat,0.569580,1,0.5000,"38,80,60,48",0 0.303571 0.464286 0.267857 0.214286,0.303571,0.464286,0.267857,0.214286,38,80,60,48,1754,64.7548,103.3421
train,CXR036_002.jpg,2,efusi pleura,0.655631,1,0.5000,"72,55,40,64",2 0.410714 0.388393 0.178571 0.285714,0.410714,0.388393,0.178571,0.285714,72,55,40,64,1352,88.2352,83.0444
train,CXR036_002.jpg,3,atelektasis,0.630095,1,0.5000,"40,23,72,100",3 0.339286 0.325893 0.321429 0.446429,0.339286,0.325893,0.321429,0.446429,40,23,72,100,5146,73.5426,70.2662
train,CXR039_001.jpg,1,pneumothorax,0.866675,1,0.5000,"35,69,64,87",1 0.299107 0.502232 0.285714 0.388393,0.299107,0.502232,0.285714,0.388393,35,69,64,87,3934,65.2067,107.0737
train,CXR039_001.jpg,1,pneumothorax,0.866675,2,0.5000,"130,81,59,71",1 0.712054 0.520089 0.263393 0.316964,0.712054,0.520089,0.263393,0.316964,130,81,59,71,1968,163.0584,110.5025
train,CXR039_002.jpg,2,efusi pleura,0.229936,1,0.5000,"63,131,21,20",2 0.328125 0.629464 0.093750 0.089286,0.328125,0.629464,0.093750,0.089286,63,131,21,20,217,75.106,141.1475
train,CXR039_002.jpg,2,efusi pleura,0.229936,2,0.5000,"28,163,7,9",2 0.140625 0.747768 0.031250 0.040179,0.140625,0.747768,0.031250,0.040179,28,163,7,9,25,30.56,166.0
train,CXR039_003.jpg,3,atelektasis,0.138935,1,0.5000,"54,117,41,16",3 0.332589 0.558036 0.183036 0.071429,0.332589,0.558036,0.183036,0.071429,54,117,41,16,146,73.089,121.6918
train,CXR040_001.jpg,0,infiltrat,0.663384,1,0.5000,"130,18,59,72",0 0.712054 0.241071 0.263393 0.321429,0.712054,0.241071,0.263393,0.321429,130,18,59,72,2929,156.2653,55.6699
train,CXR040_001.jpg,0,infiltrat,0.663384,2,0.5000,"43,14,59,76",0 0.323661 0.232143 0.263393 0.339286,0.323661,0.232143,0.263393,0.339286,43,14,59,76,1872,81.1779,60.2142
train,CXR042_001.jpg,0,infiltrat,0.548059,1,0.5000,"168,90,53,78",0 0.868304 0.575893 0.236607 0.348214,0.868304,0.575893,0.236607,0.348214,168,90,53,78,2550,198.3,125.2745
train,CXR042_001.jpg,1,pneumothorax,0.738502,1,0.5000,"158,82,63,86",1 0.845982 0.558036 0.281250 0.383929,0.845982,0.558036,0.281250,0.383929,158,82,63,86,3129,195.7686,118.7843
train,CXR042_001.jpg,2,efusi pleura,0.618887,1,0.5000,"168,103,53,65",2 0.868304 0.604911 0.236607 0.290179,0.868304,0.604911,0.236607,0.290179,168,103,53,65,2036,198.6056,131.8119
train,CXR051_001.jpg,0,infiltrat,0.799995,1,0.5000,"130,11,66,45",0 0.727679 0.149554 0.294643 0.200893,0.727679,0.149554,0.294643,0.200893,130,11,66,45,1350,165.3267,33.4785
train,CXR051_001.jpg,3,atelektasis,0.508325,1,0.5000,"130,14,52,42",3 0.696429 0.156250 0.232143 0.187500,0.696429,0.156250,0.232143,0.187500,130,14,52,42,1018,161.5373,32.5324
train,CXR051_001.jpg,3,atelektasis,0.508325,2,0.5000,"89,25,16,70",3 0.433036 0.267857 0.071429 0.312500,0.433036,0.267857,0.071429,0.312500,89,25,16,70,574,95.9634,57.7648
train,CXR051_004.jpg,0,infiltrat,0.870217,1,0.5000,"143,31,74,96",0 0.803571 0.352679 0.330357 0.428571,0.803571,0.352679,0.330357,0.428571,143,31,74,96,3827,182.4761,73.5655
train,CXR051_004.jpg,3,atelektasis,0.577150,1,0.5000,"147,44,70,88",3 0.812500 0.392857 0.312500 0.392857,0.812500,0.392857,0.312500,0.392857,147,44,70,88,2877,187.4828,83.5693
train,CXR032_001.jpg,0,infiltrat,0.451057,1,0.5000,"153,90,44,67",0 0.781250 0.551339 0.196429 0.299107,0.781250,0.551339,0.196429,0.299107,153,90,44,67,1969,176.353,126.063
train,CXR032_001.jpg,0,infiltrat,0.451057,2,0.5000,"28,122,67,49",0 0.274554 0.654018 0.299107 0.218750,0.274554,0.654018,0.299107,0.218750,28,122,67,49,1570,55.1064,138.4911
valid,CXR059_001.jpg,2,efusi pleura,0.716575,1,0.5000,"38,127,74,48",2 0.334821 0.674107 0.330357 0.214286,0.334821,0.674107,0.330357,0.214286,38,127,74,48,2306,69.3695,145.1947
valid,CXR059_002.jpg,2,efusi pleura,0.785775,1,0.5000,"11,160,91,47",2 0.252232 0.819196 0.406250 0.209821,0.252232,0.819196,0.406250,0.209821,11,160,91,47,2422,46.5037,177.6135
valid,CXR059_002.jpg,2,efusi pleura,0.785775,2,0.5000,"179,131,38,64",2 0.883929 0.727679 0.169643 0.285714,0.883929,0.727679,0.169643,0.285714,179,131,38,64,965,197.5192,162.028
valid,CXR062_001.jpg,0,infiltrat,0.912854,1,0.5000,"116,37,77,95",0 0.689732 0.377232 0.343750 0.424107,0.689732,0.377232,0.343750,0.424107,116,37,77,95,4654,154.5092,79.8715
valid,CXR062_001.jpg,0,infiltrat,0.912854,2,0.5000,"46,42,45,67",0 0.305804 0.337054 0.200893 0.299107,0.305804,0.337054,0.200893,0.299107,46,42,45,67,1966,66.8347,73.5402
valid,CXR062_001.jpg,1,pneumothorax,0.648175,1,0.5000,"116,21,77,119",1 0.689732 0.359375 0.343750 0.531250,0.689732,0.359375,0.343750,0.531250,116,21,77,119,3026,148.6702,88.0357
valid,CXR062_001.jpg,1,pneumothorax,0.648175,2,0.5000,"63,28,28,67",1 0.343750 0.274554 0.125000 0.299107,0.343750,0.274554,0.125000,0.299107,63,28,28,67,1242,77.0564,60.9042
valid,CXR062_002.jpg,0,infiltrat,0.635126,1,0.5000,"42,30,56,79",0 0.312500 0.310268 0.250000 0.352679,0.312500,0.310268,0.250000,0.352679,42,30,56,79,2694,68.6106,72.1503
valid,CXR062_002.jpg,0,infiltrat,0.635126,2,0.5000,"116,34,37,62",0 0.600446 0.290179 0.165179 0.276786,0.600446,0.290179,0.165179,0.276786,116,34,37,62,1210,132.0091,66.205
valid,CXR062_003.jpg,0,infiltrat,0.629113,1,0.5000,"38,21,66,87",0 0.316964 0.287946 0.294643 0.388393,0.316964,0.287946,0.294643,0.388393,38,21,66,87,3950,71.8744,64.4091
valid,CXR062_003.jpg,1,pneumothorax,0.843274,1,0.5000,"38,37,67,72",1 0.319196 0.325893 0.299107 0.321429,0.319196,0.325893,0.299107,0.321429,38,37,67,72,3688,73.5973,72.7863
valid,CXR066_001.jpg,0,infiltrat,0.756188,1,0.5000,"25,50,68,94",0 0.263393 0.433036 0.303571 0.419643,0.263393,0.433036,0.303571,0.419643,25,50,68,94,4663,56.0605,95.8452
valid,CXR066_002.jpg,0,infiltrat,0.752088,1,0.5000,"35,25,74,95",0 0.321429 0.323661 0.330357 0.424107,0.321429,0.323661,0.330357,0.424107,35,25,74,95,4940,69.4864,74.1966
valid,CXR066_002.jpg,0,infiltrat,0.752088,2,0.5000,"130,60,20,42",0 0.625000 0.361607 0.089286 0.187500,0.625000,0.361607,0.089286,0.187500,130,60,20,42,455,138.8967,83.3626
valid,CXR066_002.jpg,0,infiltrat,0.752088,3,0.5000,"123,41,6,11",0 0.562500 0.207589 0.026786 0.049107,0.562500,0.207589,0.026786,0.049107,123,41,6,11,35,124.8571,46.8571
valid,CXR066_003.jpg,0,infiltrat,0.569515,1,0.5000,"38,34,58,96",0 0.299107 0.366071 0.258929 0.428571,0.299107,0.366071,0.258929,0.428571,38,34,58,96,4061,66.2832,84.7643
valid,CXR056_002.jpg,1,pneumothorax,0.520633,1,0.5000,"56,39,46,72",1 0.352679 0.334821 0.205357 0.321429,0.352679,0.334821,0.205357,0.321429,56,39,46,72,2113,80.9991,70.991
valid,CXR056_002.jpg,1,pneumothorax,0.520633,2,0.5000,"28,44,35,72",1 0.203125 0.357143 0.156250 0.321429,0.203125,0.357143,0.156250,0.321429,28,44,35,72,1058,40.5888,82.0246
valid,CXR056_002.jpg,2,efusi pleura,0.797955,1,0.5000,"66,77,36,49",2 0.375000 0.453125 0.160714 0.218750,0.375000,0.453125,0.160714,0.218750,66,77,36,49,1107,84.7489,94.6965
valid,CXR056_002.jpg,2,efusi pleura,0.797955,2,0.5000,"28,82,28,34",2 0.187500 0.441964 0.125000 0.151786,0.187500,0.441964,0.125000,0.151786,28,82,28,34,450,38.3578,99.8622
valid,CXR056_003.jpg,2,efusi pleura,0.766369,1,0.5000,"84,80,22,22",2 0.424107 0.406250 0.098214 0.098214,0.424107,0.406250,0.098214,0.098214,84,80,22,22,302,94.2682,88.9901
valid,CXR056_003.jpg,2,efusi pleura,0.766369,2,0.5000,"31,62,18,47",2 0.178571 0.381696 0.080357 0.209821,0.178571,0.381696,0.080357,0.209821,31,62,18,47,229,39.4934,83.1878
valid,CXR059_003.jpg,0,infiltrat,0.522755,1,0.5000,"165,85,7,17",0 0.752232 0.417411 0.031250 0.075893,0.752232,0.417411,0.031250,0.075893,165,85,7,17,78,167.9103,93.1795
valid,CXR059_003.jpg,0,infiltrat,0.522755,2,0.5000,"161,70,11,11",0 0.743304 0.337054 0.049107 0.049107,0.743304,0.337054,0.049107,0.049107,161,70,11,11,68,165.7647,75.0441
valid,CXR059_003.jpg,1,pneumothorax,0.631914,1,0.5000,"165,85,7,17",1 0.752232 0.417411 0.031250 0.075893,0.752232,0.417411,0.031250,0.075893,165,85,7,17,78,167.9103,93.1795
valid,CXR059_003.jpg,1,pneumothorax,0.631914,2,0.5000,"161,70,11,11",1 0.743304 0.337054 0.049107 0.049107,0.743304,0.337054,0.049107,0.049107,161,70,11,11,64,165.6875,75.2812
valid,CXR059_003.jpg,2,efusi pleura,0.853605,1,0.5000,"28,96,70,65",2 0.281250 0.573661 0.312500 0.290179,0.281250,0.573661,0.312500,0.290179,28,96,70,65,3054,61.2495,124.5242
valid,CXR059_003.jpg,2,efusi pleura,0.853605,2,0.5000,"165,92,7,10",2 0.752232 0.433036 0.031250 0.044643,0.752232,0.433036,0.031250,0.044643,165,92,7,10,48,168.3125,95.875
valid,CXR053_001.jpg,0,infiltrat,0.414385,1,0.5000,"42,128,42,37",0 0.281250 0.654018 0.187500 0.165179,0.281250,0.654018,0.187500,0.165179,42,128,42,37,735,58.0354,139.8299
valid,CXR053_001.jpg,0,infiltrat,0.414385,2,0.5000,"167,28,26,49",0 0.803571 0.234375 0.116071 0.218750,0.803571,0.234375,0.116071,0.218750,167,28,26,49,440,178.2795,50.7318
valid,CXR053_002.jpg,0,infiltrat,0.285854,1,0.5000,"21,132,35,35",0 0.171875 0.667411 0.156250 0.156250,0.171875,0.667411,0.156250,0.156250,21,132,35,35,619,34.3231,145.2407
valid,CXR053_003.jpg,0,infiltrat,0.363532,1,0.5000,"42,113,46,59",0 0.290179 0.636161 0.205357 0.263393,0.290179,0.636161,0.205357,0.263393,42,113,46,59,1212,57.835,141.6394
valid,CXR054_001.jpg,0,infiltrat,0.743631,1,0.5000,"137,76,66,94",0 0.758929 0.549107 0.294643 0.419643,0.758929,0.549107,0.294643,0.419643,137,76,66,94,4655,172.4692,116.6009
valid,CXR054_003.jpg,1,pneumothorax,0.566525,1,0.5000,"21,57,67,94",1 0.243304 0.464286 0.299107 0.419643,0.243304,0.464286,0.299107,0.419643,21,57,67,94,4180,52.0098,104.1854
valid,CXR055_001.jpg,1,pneumothorax,0.554103,1,0.5000,"38,48,74,89",1 0.334821 0.412946 0.330357 0.397321,0.334821,0.412946,0.330357,0.397321,38,48,74,89,4593,72.2334,88.4361
valid,CXR055_001.jpg,2,efusi pleura,0.964602,1,0.5000,"38,86,71,51",2 0.328125 0.497768 0.316964 0.227679,0.328125,0.497768,0.316964,0.227679,38,86,71,51,2300,69.3052,106.6352
valid,CXR057_001.jpg,1,pneumothorax,0.577251,1,0.5000,"132,125,71,75",1 0.747768 0.725446 0.316964 0.334821,0.747768,0.725446,0.316964,0.334821,132,125,71,75,3066,170.7674,155.2697
valid,CXR057_002.jpg,0,infiltrat,0.589434,1,0.5000,"17,33,75,107",0 0.243304 0.386161 0.334821 0.477679,0.243304,0.386161,0.334821,0.477679,17,33,75,107,5748,55.8634,88.7086
valid,CXR057_002.jpg,0,infiltrat,0.589434,2,0.5000,"158,56,52,70",0 0.821429 0.406250 0.232143 0.312500,0.821429,0.406250,0.232143,0.312500,158,56,52,70,2482,186.0987,97.274
valid,CXR057_003.jpg,0,infiltrat,0.656279,1,0.5000,"0,61,79,99",0 0.176339 0.493304 0.352679 0.441964,0.176339,0.493304,0.352679,0.441964,0,61,79,99,5222,34.2401,106.4113
valid,CXR058_001.jpg,0,infiltrat,0.642997,1,0.5000,"45,21,67,80",0 0.350446 0.272321 0.299107 0.357143,0.350446,0.272321,0.299107,0.357143,45,21,67,80,3679,79.4439,63.4585
valid,CXR058_002.jpg,0,infiltrat,0.621889,1,0.5000,"30,25,72,101",0 0.294643 0.337054 0.321429 0.450893,0.294643,0.337054,0.321429,0.450893,30,25,72,101,5342,66.5193,74.4386
valid,CXR058_003.jpg,0,infiltrat,0.560196,1,0.5000,"130,18,59,63",0 0.712054 0.220982 0.263393 0.281250,0.712054,0.220982,0.263393,0.281250,130,18,59,63,1759,155.896,40.4053
valid,CXR058_003.jpg,0,infiltrat,0.560196,2,0.5000,"62,63,43,49",0 0.372768 0.390625 0.191964 0.218750,0.372768,0.390625,0.191964,0.218750,62,63,43,49,1446,80.5754,87.3997
valid,CXR060_001.jpg,0,infiltrat,0.834157,1,0.5000,"151,58,52,68",0 0.790179 0.410714 0.232143 0.303571,0.790179,0.410714,0.232143,0.303571,151,58,52,68,1801,179.7307,85.799
valid,CXR060_001.jpg,1,pneumothorax,0.562105,1,0.5000,"140,42,63,84",1 0.765625 0.375000 0.281250 0.375000,0.765625,0.375000,0.281250,0.375000,140,42,63,84,1651,171.9691,84.0418
valid,CXR060_001.jpg,1,pneumothorax,0.562105,2,0.5000,"101,42,18,54",1 0.491071 0.308036 0.080357 0.241071,0.491071,0.308036,0.080357,0.241071,101,42,18,54,568,109.9155,67.081
valid,CXR060_001.jpg,2,efusi pleura,0.530218,1,0.5000,"142,62,33,30",2 0.707589 0.343750 0.147321 0.133929,0.707589,0.343750,0.147321,0.133929,142,62,33,30,439,160.2141,76.3394
valid,CXR060_001.jpg,2,efusi pleura,0.530218,2,0.5000,"99,98,17,21",2 0.479911 0.484375 0.075893 0.093750,0.479911,0.484375,0.075893,0.093750,99,98,17,21,108,107.787,111.0926
valid,CXR060_001.jpg,3,atelektasis,0.862091,1,0.5000,"140,59,63,67",3 0.765625 0.412946 0.281250 0.299107,0.765625,0.412946,0.281250,0.299107,140,59,63,67,1957,177.0986,84.0066
valid,CXR060_001.jpg,3,atelektasis,0.862091,2,0.5000,"109,74,10,41",3 0.508929 0.421875 0.044643 0.183036,0.508929,0.421875,0.044643,0.183036,109,74,10,41,196,112.648,91.4286
valid,CXR060_002.jpg,0,infiltrat,0.824604,1,0.5000,"158,45,49,71",0 0.814732 0.359375 0.218750 0.316964,0.814732,0.359375,0.218750,0.316964,158,45,49,71,1994,185.168,75.6494
valid,CXR060_002.jpg,3,atelektasis,0.809147,1,0.5000,"154,50,53,66",3 0.805804 0.370536 0.236607 0.294643,0.805804,0.370536,0.236607,0.294643,154,50,53,66,1931,184.652,76.7328
valid,CXR060_003.jpg,0,infiltrat,0.682197,1,0.5000,"140,30,56,72",0 0.750000 0.294643 0.250000 0.321429,0.750000,0.294643,0.250000,0.321429,140,30,56,72,2048,171.8604,59.9199
valid,CXR060_003.jpg,1,pneumothorax,0.575387,1,0.5000,"59,21,53,63",1 0.381696 0.234375 0.236607 0.281250,0.381696,0.234375,0.236607,0.281250,59,21,53,63,1958,89.9755,48.1103
valid,CXR060_003.jpg,1,pneumothorax,0.575387,2,0.5000,"168,77,28,25",1 0.812500 0.399554 0.125000 0.111607,0.812500,0.399554,0.125000,0.111607,168,77,28,25,193,183.9326,89.7668
valid,CXR060_003.jpg,1,pneumothorax,0.575387,3,0.5000,"133,25,12,22",1 0.620536 0.160714 0.053571 0.098214,0.620536,0.160714,0.053571,0.098214,133,25,12,22,93,137.7527,35.3011
valid,CXR060_003.jpg,3,atelektasis,0.888029,1,0.5000,"133,30,63,72",3 0.734375 0.294643 0.281250 0.321429,0.734375,0.294643,0.281250,0.321429,133,30,63,72,2228,169.9044,57.7998
valid,CXR060_003.jpg,3,atelektasis,0.888029,2,0.5000,"59,43,40,41",3 0.352679 0.283482 0.178571 0.183036,0.352679,0.283482,0.178571,0.183036,59,43,40,41,1201,77.6978,62.0974
valid,CXR061_001.jpg,0,infiltrat,0.861894,1,0.5000,"146,79,67,89",0 0.801339 0.551339 0.299107 0.397321,0.801339,0.551339,0.299107,0.397321,146,79,67,89,3262,183.6545,118.4123
valid,CXR061_001.jpg,1,pneumothorax,0.523501,1,0.5000,"138,63,75,116",1 0.783482 0.540179 0.334821 0.517857,0.783482,0.540179,0.334821,0.517857,138,63,75,116,3700,179.5368,115.1673
valid,CXR061_001.jpg,3,atelektasis,0.830449,1,0.5000,"144,84,69,88",3 0.796875 0.571429 0.308036 0.392857,0.796875,0.571429,0.308036,0.392857,144,84,69,88,3180,183.5481,120.0855
valid,CXR061_002.jpg,0,infiltrat,0.579101,1,0.5000,"162,105,45,56",0 0.823661 0.593750 0.200893 0.250000,0.823661,0.593750,0.200893,0.250000,162,105,45,56,1326,187.3424,126.46
valid,CXR061_002.jpg,3,atelektasis,0.969355,1,0.5000,"137,70,70,90",3 0.767857 0.513393 0.312500 0.401786,0.767857,0.513393,0.312500,0.401786,137,70,70,90,3244,175.566,104.5151
valid,CXR061_003.jpg,3,atelektasis,0.732970,1,0.5000,"147,54,67,86",3 0.805804 0.433036 0.299107 0.383929,0.805804,0.433036,0.299107,0.383929,147,54,67,86,3048,183.3566,88.98
valid,CXR063_001.jpg,1,pneumothorax,0.437201,1,0.5000,"158,99,45,55",1 0.805804 0.564732 0.200893 0.245536,0.805804,0.564732,0.200893,0.245536,158,99,45,55,1766,181.6693,122.4366
valid,CXR063_002.jpg,1,pneumothorax,0.471414,1,0.5000,"28,50,70,94",1 0.281250 0.433036 0.312500 0.419643,0.281250,0.433036,0.312500,0.419643,28,50,70,94,3786,59.743,95.4501
valid,CXR063_003.jpg,1,pneumothorax,0.158259,1,0.5000,"155,81,41,52",1 0.783482 0.477679 0.183036 0.232143,0.783482,0.477679,0.183036,0.232143,155,81,41,52,907,181.1731,109.1003
valid,CXR063_003.jpg,1,pneumothorax,0.158259,2,0.5000,"38,67,19,63",1 0.212054 0.439732 0.084821 0.281250,0.212054,0.439732,0.084821,0.281250,38,67,19,63,660,45.9712,102.7621
valid,CXR064_001.jpg,1,pneumothorax,0.359126,1,0.5000,"119,29,67,136",1 0.680804 0.433036 0.299107 0.607143,0.680804,0.433036,0.299107,0.607143,119,29,67,136,4385,153.3694,97.1612
valid,CXR064_001.jpg,1,pneumothorax,0.359126,2,0.5000,"35,21,67,80",1 0.305804 0.272321 0.299107 0.357143,0.305804,0.272321,0.299107,0.357143,35,21,67,80,3613,66.9903,58.4448
valid,CXR064_002.jpg,0,infiltrat,0.400072,1,0.5000,"49,82,34,55",0 0.294643 0.488839 0.151786 0.245536,0.294643,0.488839,0.151786,0.245536,49,82,34,55,919,61.4287,110.3939
valid,CXR064_003.jpg,0,infiltrat,0.306839,1,0.5000,"31,131,12,20",0 0.165179 0.629464 0.053571 0.089286,0.165179,0.629464,0.053571,0.089286,31,131,12,20,120,35.7833,141.3
valid,CXR065_001.jpg,0,infiltrat,0.663384,1,0.5000,"130,18,59,72",0 0.712054 0.241071 0.263393 0.321429,0.712054,0.241071,0.263393,0.321429,130,18,59,72,2929,156.2653,55.6699
valid,CXR065_001.jpg,0,infiltrat,0.663384,2,0.5000,"43,14,59,76",0 0.323661 0.232143 0.263393 0.339286,0.323661,0.232143,0.263393,0.339286,43,14,59,76,1872,81.1779,60.2142
valid,CXR065_002.jpg,1,pneumothorax,0.574106,1,0.5000,"38,69,71,98",1 0.328125 0.526786 0.316964 0.437500,0.328125,0.526786,0.316964,0.437500,38,69,71,98,4374,69.3402,112.6799
valid,CXR065_003.jpg,0,infiltrat,0.512468,1,0.5000,"126,25,59,51",0 0.694196 0.225446 0.263393 0.227679,0.694196,0.225446,0.263393,0.227679,126,25,59,51,1604,154.0037,49.6827
valid,CXR065_003.jpg,0,infiltrat,0.512468,2,0.5000,"25,115,35,46",0 0.189732 0.616071 0.156250 0.205357,0.189732,0.616071,0.156250,0.205357,25,115,35,46,818,37.5049,138.8215
valid,CXR065_003.jpg,1,pneumothorax,0.504016,1,0.5000,"25,25,77,133",1 0.283482 0.408482 0.343750 0.593750,0.283482,0.408482,0.343750,0.593750,25,25,77,133,5127,63.6909,97.112
valid,CXR065_003.jpg,1,pneumothorax,0.504016,2,0.5000,"151,99,35,66",1 0.752232 0.589286 0.156250 0.294643,0.752232,0.589286,0.156250,0.294643,151,99,35,66,1658,170.3166,128.0
valid,CXR065_003.jpg,1,pneumothorax,0.504016,3,0.5000,"126,25,18,23",1 0.602679 0.162946 0.080357 0.102679,0.602679,0.162946,0.080357,0.102679,126,25,18,23,164,132.5427,34.6037
valid,CXR067_001.jpg,0,infiltrat,0.728233,1,0.5000,"140,49,49,105",0 0.734375 0.453125 0.218750 0.468750,0.734375,0.453125,0.218750,0.468750,140,49,49,105,2738,168.0811,95.6625
valid,CXR054_002.jpg,1,pneumothorax,0.719467,1,0.5000,"25,50,73,104",1 0.274554 0.455357 0.325893 0.464286,0.274554,0.455357,0.325893,0.464286,25,50,73,104,5920,60.5743,103.1304
valid,CXR056_004.jpg,2,efusi pleura,0.588811,1,0.5000,"42,28,28,27",2 0.250000 0.185268 0.125000 0.120536,0.250000,0.185268,0.125000,0.120536,42,28,28,27,203,54.3498,37.2857
valid,CXR062_004.jpg,0,infiltrat,0.629113,1,0.5000,"38,21,66,87",0 0.316964 0.287946 0.294643 0.388393,0.316964,0.287946,0.294643,0.388393,38,21,66,87,3950,71.8744,64.4091
valid,CXR062_004.jpg,1,pneumothorax,0.843274,1,0.5000,"38,37,67,72",1 0.319196 0.325893 0.299107 0.321429,0.319196,0.325893,0.299107,0.321429,38,37,67,72,3688,73.5973,72.7863
valid,CXR055_002.jpg,1,pneumothorax,0.646965,1,0.5000,"21,31,71,92",1 0.252232 0.343750 0.316964 0.410714,0.252232,0.343750,0.316964,0.410714,21,31,71,92,4587,59.3521,71.4044
valid,CXR055_002.jpg,2,efusi pleura,0.776785,1,0.5000,"21,90,67,33",2 0.243304 0.475446 0.299107 0.147321,0.243304,0.475446,0.299107,0.147321,21,90,67,33,859,61.1537,101.2526
valid,CXR055_003.jpg,2,efusi pleura,0.891484,1,0.5000,"35,71,60,66",2 0.290179 0.464286 0.267857 0.294643,0.290179,0.464286,0.267857,0.294643,35,71,60,66,2976,62.875,99.6841
valid,CXR056_001.jpg,1,pneumothorax,0.879930,1,0.5000,"45,59,67,70",1 0.350446 0.419643 0.299107 0.312500,0.350446,0.419643,0.299107,0.312500,45,59,67,70,3479,76.4386,89.0877
valid,CXR056_001.jpg,2,efusi pleura,0.725844,1,0.5000,"45,69,67,60",2 0.350446 0.441964 0.299107 0.267857,0.350446,0.441964,0.299107,0.267857,45,69,67,60,2946,77.4728,93.4725
test,CXR075_001.jpg,0,infiltrat,0.666868,1,0.5000,"31,54,57,53",0 0.265625 0.359375 0.254464 0.236607,0.265625,0.359375,0.254464,0.236607,31,54,57,53,1960,58.6367,76.6776
test,CXR075_001.jpg,1,pneumothorax,0.630315,1,0.5000,"31,19,67,88",1 0.287946 0.281250 0.299107 0.392857,0.287946,0.281250,0.299107,0.392857,31,19,67,88,3392,63.8585,60.8903
test,CXR075_001.jpg,2,efusi pleura,0.745408,1,0.5000,"31,50,57,57",2 0.265625 0.350446 0.254464 0.254464,0.265625,0.350446,0.254464,0.254464,31,50,57,57,2193,59.2002,74.244
test,CXR075_001.jpg,3,atelektasis,0.516111,1,0.5000,"31,54,57,53",3 0.265625 0.359375 0.254464 0.236607,0.265625,0.359375,0.254464,0.236607,31,54,57,53,1809,59.8347,77.8458
test,CXR075_002.jpg,0,infiltrat,0.678594,1,0.5000,"42,56,53,51",0 0.305804 0.363839 0.236607 0.227679,0.305804,0.363839,0.236607,0.227679,42,56,53,51,1663,63.4029,77.3981
test,CXR075_002.jpg,1,pneumothorax,0.663588,1,0.5000,"42,21,63,86",1 0.328125 0.285714 0.281250 0.383929,0.328125,0.285714,0.281250,0.383929,42,21,63,86,3156,68.9889,60.3422
test,CXR075_002.jpg,2,efusi pleura,0.645980,1,0.5000,"42,63,53,44",2 0.305804 0.379464 0.236607 0.196429,0.305804,0.379464,0.236607,0.196429,42,63,53,44,1350,64.7911,80.7667
test,CXR075_002.jpg,3,atelektasis,0.593906,1,0.5000,"42,52,53,55",3 0.305804 0.354911 0.236607 0.245536,0.305804,0.354911,0.236607,0.245536,42,52,53,55,1512,67.129,77.9114
test,CXR072_001.jpg,0,infiltrat,0.635118,1,0.5000,"129,52,69,109",0 0.729911 0.475446 0.308036 0.486607,0.729911,0.475446,0.308036,0.486607,129,52,69,109,5058,162.4709,98.7175
test,CXR072_001.jpg,0,infiltrat,0.635118,2,0.5000,"98,116,11,36",0 0.462054 0.598214 0.049107 0.160714,0.462054,0.598214,0.049107,0.160714,98,116,11,36,192,103.6562,135.9583
test,CXR072_001.jpg,2,efusi pleura,0.588087,1,0.5000,"66,129,43,39",2 0.390625 0.662946 0.191964 0.174107,0.390625,0.662946,0.191964,0.174107,66,129,43,39,943,88.4761,145.9459
test,CXR072_001.jpg,2,efusi pleura,0.588087,2,0.5000,"31,138,11,27",2 0.162946 0.676339 0.049107 0.120536,0.162946,0.676339,0.049107,0.120536,31,138,11,27,170,35.0059,151.9294
test,CXR070_001.jpg,0,infiltrat,0.761527,1,0.5000,"31,46,67,97",0 0.287946 0.421875 0.299107 0.433036,0.287946,0.421875,0.299107,0.433036,31,46,67,97,4501,63.1473,96.3812
test,CXR070_001.jpg,1,pneumothorax,0.871621,1,0.5000,"30,65,68,93",1 0.285714 0.497768 0.303571 0.415179,0.285714,0.497768,0.303571,0.415179,30,65,68,93,4290,62.3543,103.4935
test,CXR070_002.jpg,0,infiltrat,0.726711,1,0.5000,"28,44,63,96",0 0.265625 0.410714 0.281250 0.428571,0.265625,0.410714,0.281250,0.428571,28,44,63,96,3889,59.3731,89.7169
test,CXR070_002.jpg,1,pneumothorax,0.760362,1,0.5000,"28,59,67,81",1 0.274554 0.444196 0.299107 0.361607,0.274554,0.444196,0.299107,0.361607,28,59,67,81,3565,60.1383,93.2359
test,CXR070_003.jpg,0,infiltrat,0.669640,1,0.5000,"6,29,65,96",0 0.171875 0.343750 0.290179 0.428571,0.171875,0.343750,0.290179,0.428571,6,29,65,96,4486,36.975,77.8183
test,CXR070_003.jpg,1,pneumothorax,0.872859,1,0.5000,"4,32,73,99",1 0.180804 0.363839 0.325893 0.441964,0.180804,0.363839,0.325893,0.441964,4,32,73,99,4977,39.7247,78.4368
test,CXR071_001.jpg,0,infiltrat,0.397327,1,0.5000,"119,14,63,70",0 0.671875 0.218750 0.281250 0.312500,0.671875,0.218750,0.281250,0.312500,119,14,63,70,2809,148.099,48.6255
test,CXR073_001.jpg,0,infiltrat,0.740881,1,0.5000,"35,33,74,92",0 0.321429 0.352679 0.330357 0.410714,0.321429,0.352679,0.330357,0.410714,35,33,74,92,5397,70.6274,79.0962
test,CXR073_001.jpg,0,infiltrat,0.740881,2,0.5000,"133,59,21,28",0 0.640625 0.325893 0.093750 0.125000,0.640625,0.325893,0.093750,0.125000,133,59,21,28,184,144.4293,73.2609
test,CXR073_002.jpg,0,infiltrat,0.626874,1,0.5000,"32,35,73,93",0 0.305804 0.363839 0.325893 0.415179,0.305804,0.363839,0.325893,0.415179,32,35,73,93,4725,68.688,80.2967
test,CXR073_003.jpg,1,pneumothorax,0.563819,1,0.5000,"28,56,77,84",1 0.296875 0.437500 0.343750 0.375000,0.296875,0.437500,0.343750,0.375000,28,56,77,84,4534,63.6857,95.6981
